"Fecha";"Razon Social";"Comprobante";"Articulo";"Cantidad";"Importe"
"24/06/2026";"Supermercado El Trebol";"FC-A-09397";"AGUA MINERAL 1.5L X6";"16";"299000,92"
"27/08/2026";"Kiosco La Parada";"FC-A-05619";"YERBA MATE 1KG X10";"12";"340000,08"
"19/05/2026";"Almacen y Fiambreria Muniz";"FC-A-06209";"ACEITE GIRASOL 900ML X12";"5";"134000,37"
"28/01/2026";"Minimercado El Ceibo";"FC-A-02659";"GASEOSA COLA 2.25L X6";"9";"277000,40"
"07/01/2026";"Autoservicio La Perla";"FC-A-01203";"GASEOSA COLA 2.25L X6";"23";"520000,70"
"23/07/2026";"Almacen San Cayetano";"FC-A-09421";"PURE DE TOMATE 520G X12";"2";"319000,92"
"19/07/2026";"Almacen San Cayetano";"FC-A-07391";"ARROZ LARGO FINO 1KG X10";"18";"387000,58"
"02/08/2026";"Despensa Santa Rita";"FC-A-07839";"CERVEZA LATA 473ML X24";"12";"575000,55"
"18/05/2026";"Minimercado El Ceibo";"FC-A-00039";"ARROZ LARGO FINO 1KG X10";"24";"237000,04"
"21/06/2026";"Kiosco Rivadavia 3400";"FC-A-02370";"ALFAJORES TRIPLES X24";"10";"260000,73"
"01/01/2026";"Almacen y Fiambreria Muniz";"FC-A-01733";"ACEITE GIRASOL 900ML X12";"24";"200000,79"
"05/05/2026";"Supermercado La Central";"FC-A-03379";"PURE DE TOMATE 520G X12";"21";"466000,47"
"18/09/2026";"Autoservicio La Esquina SRL";"FC-A-08096";"ARROZ LARGO FINO 1KG X10";"3";"609000,16"
"04/07/2026";"Autoservicio La Esquina SRL";"FC-A-05369";"PAPEL HIGIENICO X4";"17";"76000,92"
"22/06/2026";"Despensa Los Pinos";"FC-A-00499";"CERVEZA LATA 473ML X24";"3";"11000,90"
"26/07/2026";"Autoservicio Hermanos Paz";"FC-A-02468";"GALLETITAS SURTIDAS X12";"22";"54000,29"
"07/08/2026";"Despensa Los Pinos";"FC-A-04576";"PURE DE TOMATE 520G X12";"20";"264000,59"
"15/03/2026";"Kiosco Rivadavia 3400";"FC-A-03938";"YERBA MATE 1KG X10";"11";"204000,71"
"20/07/2026";"Minimercado Dona Rosa";"FC-A-01461";"PAPEL HIGIENICO X4";"5";"416000,87"
"25/04/2026";"Autoservicio La Esquina SRL";"FC-A-08500";"PURE DE TOMATE 520G X12";"1";"487000,02"
"12/01/2026";"Maxikiosco El Cruce";"FC-A-00996";"YERBA MATE 1KG X10";"21";"109000,71"
"19/03/2026";"Autoservicio La Perla";"FC-A-02744";"ALFAJORES TRIPLES X24";"1";"611000,69"
"03/02/2026";"Despensa Santa Rita";"FC-A-02258";"FIDEOS GUISEROS 500G X20";"13";"134000,08"
"20/08/2026";"Kiosco La Parada";"FC-A-07726";"YERBA MATE 1KG X10";"20";"12000,49"
"14/09/2026";"Autoservicio La Perla";"FC-A-05619";"FIDEOS GUISEROS 500G X20";"22";"104000,91"
"09/08/2026";"Autoservicio La Perla";"FC-A-03923";"JABON EN POLVO 800G X10";"21";"534000,47"
"23/07/2026";"Minimercado El Ceibo";"FC-A-06226";"ALFAJORES TRIPLES X24";"7";"123000,57"
"27/09/2026";"Autoservicio La Esquina SRL";"FC-A-08295";"PAPEL HIGIENICO X4";"12";"558000,72"
"12/07/2026";"Autoservicio La Esquina SRL";"FC-A-06246";"PURE DE TOMATE 520G X12";"3";"541000,83"
"02/08/2026";"Almacen San Cayetano";"FC-A-05844";"CERVEZA LATA 473ML X24";"8";"348000,45"
"27/01/2026";"Maxikiosco 24hs Lanus";"FC-A-03697";"YERBA MATE 1KG X10";"9";"625000,27"
"15/04/2026";"Supermercado La Central";"FC-A-00322";"PURE DE TOMATE 520G X12";"6";"422000,71"
"13/01/2026";"Minimercado El Ceibo";"FC-A-00123";"CERVEZA LATA 473ML X24";"14";"543000,13"
"04/07/2026";"Autoservicio La Esquina SRL";"FC-A-01525";"YERBA MATE 1KG X10";"12";"639000,38"
"10/01/2026";"Autoservicio Hermanos Paz";"FC-A-05634";"CERVEZA LATA 473ML X24";"17";"520000,61"
"07/07/2026";"Minimercado Dona Rosa";"FC-A-07853";"CERVEZA LATA 473ML X24";"1";"165000,41"
"10/02/2026";"Kiosco Pavon 2280";"FC-A-00259";"ALFAJORES TRIPLES X24";"12";"46000,41"
"10/01/2026";"Maxikiosco 24hs Lanus";"FC-A-05370";"ARROZ LARGO FINO 1KG X10";"23";"171000,07"
"11/07/2026";"Kiosco Pavon 2280";"FC-A-09517";"GASEOSA COLA 2.25L X6";"20";"368000,46"
"08/03/2026";"Despensa Santa Rita";"FC-A-04989";"GASEOSA COLA 2.25L X6";"10";"262000,07"
"08/02/2026";"Despensa Santa Rita";"FC-A-02046";"FIDEOS GUISEROS 500G X20";"20";"332000,20"
"19/09/2026";"Despensa Los Pinos";"FC-A-06040";"PAPEL HIGIENICO X4";"20";"23000,61"
"02/03/2026";"Minimercado El Ceibo";"FC-A-05782";"YERBA MATE 1KG X10";"9";"223000,69"
"01/04/2026";"Maxikiosco 24hs Lanus";"FC-A-06045";"CERVEZA LATA 473ML X24";"23";"11000,43"
"21/02/2026";"Despensa Santa Rita";"FC-A-09304";"GALLETITAS SURTIDAS X12";"7";"132000,54"
"26/04/2026";"Supermercado El Trebol";"FC-A-06498";"AGUA MINERAL 1.5L X6";"19";"421000,57"
"10/05/2026";"Kiosco Rivadavia 3400";"FC-A-02886";"ACEITE GIRASOL 900ML X12";"8";"447000,99"
"26/03/2026";"Autoservicio Hermanos Paz";"FC-A-04122";"CERVEZA LATA 473ML X24";"18";"236000,78"
"27/02/2026";"Autoservicio La Esquina";"FC-A-00895";"FIDEOS GUISEROS 500G X20";"12";"506000,15"
"09/04/2026";"Autoservicio Hermanos Paz";"FC-A-09675";"GASEOSA COLA 2.25L X6";"24";"255000,00"
"06/08/2026";"Almacen Don Pedro";"FC-A-01510";"PURE DE TOMATE 520G X12";"21";"577000,51"
"22/05/2026";"Autoservicio La Esquina SRL";"FC-A-05719";"GASEOSA COLA 2.25L X6";"23";"237000,26"
"25/02/2026";"Autoservicio La Esquina SRL";"FC-A-02076";"JABON EN POLVO 800G X10";"18";"430000,18"
"06/03/2026";"Kiosco Pavon 2280";"FC-A-09245";"AGUA MINERAL 1.5L X6";"20";"514000,04"
"03/09/2026";"Supermercado La Central";"FC-A-05311";"ALFAJORES TRIPLES X24";"20";"514000,72"
"01/04/2026";"Kiosco Pavon 2280";"FC-A-02821";"GASEOSA COLA 2.25L X6";"7";"219000,14"
"08/02/2026";"Maxikiosco 24hs Lanus";"FC-A-09725";"JABON EN POLVO 800G X10";"10";"41000,53"
"01/03/2026";"Kiosco Pavon 2280";"FC-A-09399";"YERBA MATE 1KG X10";"5";"109000,33"
"28/05/2026";"Autoservicio La Esquina SRL";"FC-A-05658";"YERBA MATE 1KG X10";"10";"284000,29"
"13/07/2026";"Maxikiosco El Cruce";"FC-A-01181";"ACEITE GIRASOL 900ML X12";"9";"241000,75"
"25/04/2026";"Almacen y Fiambreria Muniz";"FC-A-08221";"AGUA MINERAL 1.5L X6";"6";"131000,03"
"19/05/2026";"Almacen San Cayetano";"FC-A-03344";"ACEITE GIRASOL 900ML X12";"6";"115000,41"
"07/09/2026";"Despensa Santa Rita";"FC-A-09495";"ALFAJORES TRIPLES X24";"17";"469000,52"
"25/01/2026";"Maxikiosco El Cruce";"FC-A-05103";"ARROZ LARGO FINO 1KG X10";"21";"142000,98"
"22/07/2026";"Maxikiosco El Cruce";"FC-A-02207";"ACEITE GIRASOL 900ML X12";"24";"160000,76"
"06/07/2026";"Despensa Santa Rita";"FC-A-03007";"PURE DE TOMATE 520G X12";"14";"568000,31"
"14/02/2026";"Almacen y Fiambreria Muniz";"FC-A-05943";"ALFAJORES TRIPLES X24";"16";"311000,43"
"02/05/2026";"Minimercado El Ceibo";"FC-A-08536";"YERBA MATE 1KG X10";"16";"568000,91"
"09/02/2026";"Autoservicio Hermanos Paz";"FC-A-05654";"PURE DE TOMATE 520G X12";"7";"103000,39"
"17/08/2026";"Kiosco Pavon 2280";"FC-A-00581";"AGUA MINERAL 1.5L X6";"10";"368000,56"
"18/07/2026";"Minimercado El Ceibo";"FC-A-00400";"CERVEZA LATA 473ML X24";"4";"478000,31"
"23/03/2026";"Despensa Los Pinos";"FC-A-09675";"ARROZ LARGO FINO 1KG X10";"15";"532000,89"
"14/09/2026";"Kiosco Rivadavia 3400";"FC-A-07480";"ARROZ LARGO FINO 1KG X10";"5";"157000,65"
"13/03/2026";"Supermercado El Trebol";"FC-A-07717";"GASEOSA COLA 2.25L X6";"18";"613000,62"
"01/09/2026";"Minimercado El Ceibo";"FC-A-04190";"ALFAJORES TRIPLES X24";"23";"386000,24"
"26/08/2026";"Almacen San Cayetano";"FC-A-06991";"FIDEOS GUISEROS 500G X20";"17";"407000,92"
"05/05/2026";"Kiosco Pavon 2280";"FC-A-04604";"GASEOSA COLA 2.25L X6";"7";"283000,24"
"01/01/2026";"Maxikiosco 24hs Lanus";"FC-A-05490";"GALLETITAS SURTIDAS X12";"17";"471000,59"
"03/07/2026";"Kiosco La Parada";"FC-A-03864";"PURE DE TOMATE 520G X12";"11";"484000,65"
"04/01/2026";"Polirrubro La Paz";"FC-A-05112";"AGUA MINERAL 1.5L X6";"20";"404000,20"
"20/09/2026";"Almacen Don Pedro";"FC-A-04398";"YERBA MATE 1KG X10";"4";"586000,24"
"10/02/2026";"Maxikiosco 24hs Lanus";"FC-A-03016";"AGUA MINERAL 1.5L X6";"21";"188000,27"
"15/05/2026";"Minimercado Dona Rosa";"FC-A-06465";"ARROZ LARGO FINO 1KG X10";"1";"425000,32"
"20/01/2026";"Almacen San Cayetano";"FC-A-06803";"AGUA MINERAL 1.5L X6";"2";"255000,21"
"19/03/2026";"Almacen Don Pedro";"FC-A-07493";"ALFAJORES TRIPLES X24";"20";"22000,61"
"24/08/2026";"Despensa Los Pinos";"FC-A-05730";"JABON EN POLVO 800G X10";"11";"94000,38"
"10/05/2026";"Autoservicio La Esquina";"FC-A-04177";"PAPEL HIGIENICO X4";"20";"219000,27"
"07/03/2026";"Autoservicio La Esquina SRL";"FC-A-04982";"AGUA MINERAL 1.5L X6";"5";"199000,96"
"03/02/2026";"Kiosco Pavon 2280";"FC-A-02806";"FIDEOS GUISEROS 500G X20";"3";"229000,17"
"06/03/2026";"Polirrubro La Paz";"FC-A-09421";"CERVEZA LATA 473ML X24";"1";"12000,61"
"10/03/2026";"Kiosco Rivadavia 3400";"FC-A-08253";"GASEOSA COLA 2.25L X6";"21";"194000,16"
"01/02/2026";"Supermercado La Central";"FC-A-06704";"PAPEL HIGIENICO X4";"13";"405000,66"
"15/05/2026";"Autoservicio La Esquina";"FC-A-09199";"ACEITE GIRASOL 900ML X12";"20";"372000,35"
"24/08/2026";"Autoservicio Hermanos Paz";"FC-A-08235";"ALFAJORES TRIPLES X24";"16";"368000,80"
"10/03/2026";"Polirrubro La Paz";"FC-A-09434";"ARROZ LARGO FINO 1KG X10";"8";"498000,23"
"13/09/2026";"Minimercado Dona Rosa";"FC-A-01558";"GALLETITAS SURTIDAS X12";"13";"376000,54"
"08/04/2026";"Almacen Don Pedro";"FC-A-00361";"PAPEL HIGIENICO X4";"21";"314000,98"
"08/06/2026";"Kiosco Rivadavia 3400";"FC-A-07372";"JABON EN POLVO 800G X10";"6";"613000,32"
"03/03/2026";"Polirrubro La Paz";"FC-A-03941";"GALLETITAS SURTIDAS X12";"9";"474000,20"
"17/01/2026";"Despensa Los Pinos";"FC-A-02200";"CERVEZA LATA 473ML X24";"10";"343000,02"
"21/09/2026";"Supermercado La Central";"FC-A-01574";"ARROZ LARGO FINO 1KG X10";"7";"609000,85"
"11/07/2026";"Almacen Don Pedro";"FC-A-04563";"YERBA MATE 1KG X10";"20";"263000,16"
"28/09/2026";"Maxikiosco El Cruce";"FC-A-02996";"ACEITE GIRASOL 900ML X12";"1";"8000,31"
"10/07/2026";"Supermercado La Central";"FC-A-03749";"ARROZ LARGO FINO 1KG X10";"6";"508000,10"
"21/02/2026";"Despensa Santa Rita";"FC-A-01797";"PURE DE TOMATE 520G X12";"14";"372000,24"
"14/08/2026";"Kiosco Pavon 2280";"FC-A-02609";"CERVEZA LATA 473ML X24";"11";"96000,21"
"17/09/2026";"Almacen Don Pedro";"FC-A-04199";"YERBA MATE 1KG X10";"23";"620000,34"
"06/09/2026";"Almacen San Cayetano";"FC-A-00866";"FIDEOS GUISEROS 500G X20";"21";"482000,49"
"22/01/2026";"Almacen Don Pedro";"FC-A-00103";"JABON EN POLVO 800G X10";"21";"624000,23"
"05/06/2026";"Kiosco Pavon 2280";"FC-A-04943";"YERBA MATE 1KG X10";"24";"188000,84"
"24/03/2026";"Almacen y Fiambreria Muniz";"FC-A-09549";"CERVEZA LATA 473ML X24";"12";"365000,96"
"14/05/2026";"Supermercado El Trebol";"FC-A-03379";"ALFAJORES TRIPLES X24";"1";"130000,21"
"10/02/2026";"Minimercado Dona Rosa";"FC-A-09425";"AGUA MINERAL 1.5L X6";"15";"606000,04"
"03/06/2026";"Kiosco Rivadavia 3400";"FC-A-03901";"PURE DE TOMATE 520G X12";"2";"622000,42"
"14/01/2026";"Supermercado La Central";"FC-A-09678";"PURE DE TOMATE 520G X12";"7";"160000,26"
"14/04/2026";"Autoservicio La Esquina SRL";"FC-A-05875";"ACEITE GIRASOL 900ML X12";"22";"548000,23"
"19/07/2026";"Autoservicio Hermanos Paz";"FC-A-04342";"PAPEL HIGIENICO X4";"5";"101000,86"
"22/05/2026";"Despensa Los Pinos";"FC-A-02250";"ALFAJORES TRIPLES X24";"16";"37000,62"
"";"Almacen San Cayetano";"FC-A-04706";"CERVEZA LATA 473ML X24";"11";"453000,48"
"04/07/2026";"Autoservicio La Esquina SRL";"FC-A-07433";"GASEOSA COLA 2.25L X6";"6";"187000,53"
"08/09/2026";"Supermercado El Trebol";"FC-A-09717";"ALFAJORES TRIPLES X24";"21";"535000,41"
"27/01/2026";"Autoservicio La Perla";"FC-A-08242";"PAPEL HIGIENICO X4";"6";"530000,53"
"06/06/2026";"Despensa Los Pinos";"FC-A-09003";"CERVEZA LATA 473ML X24";"5";"572000,20"
"01/04/2026";"Autoservicio Hermanos Paz";"FC-A-09244";"JABON EN POLVO 800G X10";"11";"251000,30"
"10/04/2026";"Almacen San Cayetano";"FC-A-02889";"ACEITE GIRASOL 900ML X12";"2";"606000,12"
"24/05/2026";"Autoservicio Hermanos Paz";"FC-A-00353";"JABON EN POLVO 800G X10";"20";"345000,05"
"24/01/2026";"Maxikiosco El Cruce";"FC-A-06945";"JABON EN POLVO 800G X10";"20";"17000,04"
"19/02/2026";"Maxikiosco El Cruce";"FC-A-07435";"FIDEOS GUISEROS 500G X20";"21";"353000,30"
"11/06/2026";"Supermercado El Trebol";"FC-A-05851";"YERBA MATE 1KG X10";"17";"200000,10"
"06/01/2026";"Minimercado Dona Rosa";"FC-A-09717";"PURE DE TOMATE 520G X12";"20";"495000,54"
"23/01/2026";"Almacen Don Pedro";"FC-A-01962";"FIDEOS GUISEROS 500G X20";"13";"577000,84"
"14/01/2026";"Autoservicio La Esquina SRL";"FC-A-06115";"GASEOSA COLA 2.25L X6";"2";"515000,41"
"28/09/2026";"Despensa Santa Rita";"FC-A-00868";"ARROZ LARGO FINO 1KG X10";"4";"473000,94"
"20/08/2026";"Almacen y Fiambreria Muniz";"FC-A-05301";"PURE DE TOMATE 520G X12";"15";"211000,55"
"08/08/2026";"Maxikiosco El Cruce";"FC-A-04520";"PURE DE TOMATE 520G X12";"4";"379000,22"
"18/08/2026";"Almacen y Fiambreria Muniz";"FC-A-01865";"CERVEZA LATA 473ML X24";"3";"50000,55"
"12/03/2026";"Minimercado El Ceibo";"FC-A-09090";"ALFAJORES TRIPLES X24";"4";"242000,12"
"08/04/2026";"Kiosco La Parada";"FC-A-09879";"YERBA MATE 1KG X10";"11";"259000,33"
"19/06/2026";"Almacen San Cayetano";"FC-A-04234";"PAPEL HIGIENICO X4";"9";"81000,68"
"27/02/2026";"Autoservicio La Perla";"FC-A-04749";"GALLETITAS SURTIDAS X12";"13";"154000,40"
"16/03/2026";"Autoservicio La Esquina SRL";"FC-A-06752";"GALLETITAS SURTIDAS X12";"5";"465000,87"
"14/01/2026";"Autoservicio La Esquina SRL";"FC-A-03969";"FIDEOS GUISEROS 500G X20";"17";"371000,19"
"25/06/2026";"Maxikiosco El Cruce";"FC-A-06727";"PURE DE TOMATE 520G X12";"16";"558000,46"
"12/01/2026";"Supermercado La Central";"FC-A-03492";"YERBA MATE 1KG X10";"7";"143000,43"
"14/08/2026";"Maxikiosco 24hs Lanus";"FC-A-01763";"GASEOSA COLA 2.25L X6";"4";"455000,65"
"10/04/2026";"Autoservicio La Esquina";"FC-A-03159";"ACEITE GIRASOL 900ML X12";"11";"265000,26"
"03/07/2026";"Almacen y Fiambreria Muniz";"FC-A-07369";"ARROZ LARGO FINO 1KG X10";"6";"499000,94"
"04/08/2026";"Autoservicio La Esquina";"FC-A-09304";"JABON EN POLVO 800G X10";"9";"349000,84"
"10/09/2026";"Kiosco Pavon 2280";"FC-A-03756";"AGUA MINERAL 1.5L X6";"21";"141000,41"
"18/01/2026";"Despensa Los Pinos";"FC-A-06330";"GALLETITAS SURTIDAS X12";"11";"597000,56"
"12/05/2026";"Autoservicio La Esquina";"FC-A-01243";"PURE DE TOMATE 520G X12";"16";"233000,71"
"04/06/2026";"Almacen San Cayetano";"FC-A-02951";"GALLETITAS SURTIDAS X12";"21";"351000,31"
"03/06/2026";"Minimercado El Ceibo";"FC-A-02076";"FIDEOS GUISEROS 500G X20";"5";"447000,63"
"02/07/2026";"Supermercado El Trebol";"FC-A-05555";"YERBA MATE 1KG X10";"14";"402000,20"
"10/02/2026";"Kiosco La Parada";"FC-A-01235";"GALLETITAS SURTIDAS X12";"2";"319000,52"
"14/05/2026";"Polirrubro La Paz";"FC-A-04660";"PAPEL HIGIENICO X4";"5";"616000,19"
"27/04/2026";"Kiosco Pavon 2280";"FC-A-06777";"PURE DE TOMATE 520G X12";"23";"180000,62"
"21/01/2026";"Autoservicio La Esquina";"FC-A-03534";"AGUA MINERAL 1.5L X6";"9";"519000,04"
"21/06/2026";"Almacen y Fiambreria Muniz";"FC-A-06300";"JABON EN POLVO 800G X10";"13";"78000,01"
"15/09/2026";"Autoservicio La Esquina";"FC-A-06262";"PURE DE TOMATE 520G X12";"21";"213000,33"
"07/06/2026";"Autoservicio La Perla";"FC-A-08442";"ACEITE GIRASOL 900ML X12";"19";"25000,91"
"05/07/2026";"Maxikiosco El Cruce";"FC-A-07445";"PAPEL HIGIENICO X4";"21";"498000,04"
"25/03/2026";"Despensa Los Pinos";"FC-A-04785";"FIDEOS GUISEROS 500G X20";"15";"532000,12"
"14/08/2026";"Minimercado El Ceibo";"FC-A-07969";"GASEOSA COLA 2.25L X6";"1";"135000,96"
"18/03/2026";"Maxikiosco 24hs Lanus";"FC-A-00109";"AGUA MINERAL 1.5L X6";"4";"340000,67"
"01/07/2026";"Autoservicio La Esquina";"FC-A-07278";"ACEITE GIRASOL 900ML X12";"19";"38000,77"
"17/07/2026";"Maxikiosco 24hs Lanus";"FC-A-01788";"AGUA MINERAL 1.5L X6";"23";"615000,48"
"25/02/2026";"Kiosco La Parada";"FC-A-09055";"YERBA MATE 1KG X10";"15";"537000,87"
"12/02/2026";"Autoservicio La Esquina";"FC-A-01136";"YERBA MATE 1KG X10";"8";"204000,99"
"25/06/2026";"Almacen y Fiambreria Muniz";"FC-A-03307";"AGUA MINERAL 1.5L X6";"24";"245000,56"
"25/01/2026";"Kiosco Rivadavia 3400";"FC-A-04292";"GALLETITAS SURTIDAS X12";"1";"173000,76"
"27/04/2026";"Minimercado Dona Rosa";"FC-A-02958";"JABON EN POLVO 800G X10";"5";"519000,19"
"08/05/2026";"Despensa Los Pinos";"FC-A-09561";"ACEITE GIRASOL 900ML X12";"17";"572000,25"
"01/07/2026";"Minimercado Dona Rosa";"FC-A-07675";"YERBA MATE 1KG X10";"1";"125000,23"
"08/04/2026";"Kiosco Pavon 2280";"FC-A-06211";"PURE DE TOMATE 520G X12";"19";"116000,17"
"04/06/2026";"Kiosco Rivadavia 3400";"FC-A-04072";"ALFAJORES TRIPLES X24";"1";"264000,27"
"26/09/2026";"Despensa Los Pinos";"FC-A-02839";"ALFAJORES TRIPLES X24";"17";"312000,13"
"12/09/2026";"Minimercado El Ceibo";"FC-A-05001";"YERBA MATE 1KG X10";"22";"46000,25"
"24/07/2026";"Kiosco Pavon 2280";"FC-A-05107";"PURE DE TOMATE 520G X12";"22";"160000,33"
"01/03/2026";"Despensa Los Pinos";"FC-A-00405";"GASEOSA COLA 2.25L X6";"16";"83000,31"
"10/07/2026";"Kiosco Rivadavia 3400";"FC-A-06762";"PURE DE TOMATE 520G X12";"11";"106000,73"
"24/04/2026";"Supermercado El Trebol";"FC-A-06340";"JABON EN POLVO 800G X10";"5";"523000,72"
"06/08/2026";"Almacen y Fiambreria Muniz";"FC-A-08735";"ACEITE GIRASOL 900ML X12";"9";"21000,71"
"21/07/2026";"Supermercado El Trebol";"FC-A-07449";"GASEOSA COLA 2.25L X6";"20";"539000,48"
"24/04/2026";"Minimercado El Ceibo";"FC-A-02599";"ALFAJORES TRIPLES X24";"19";"406000,84"
"13/08/2026";"Kiosco La Parada";"FC-A-06336";"FIDEOS GUISEROS 500G X20";"7";"87000,26"
"16/07/2026";"Minimercado Dona Rosa";"FC-A-00292";"PAPEL HIGIENICO X4";"13";"169000,83"
"15/03/2026";"Autoservicio La Esquina";"FC-A-00152";"ACEITE GIRASOL 900ML X12";"14";"54000,48"
"03/08/2026";"Autoservicio Hermanos Paz";"FC-A-04802";"ACEITE GIRASOL 900ML X12";"20";"436000,97"
"08/08/2026";"Autoservicio La Perla";"FC-A-00548";"ARROZ LARGO FINO 1KG X10";"2";"587000,96"
"02/08/2026";"Despensa Los Pinos";"FC-A-06915";"AGUA MINERAL 1.5L X6";"23";"57000,67"
"05/07/2026";"Almacen Don Pedro";"FC-A-04081";"ACEITE GIRASOL 900ML X12";"7";"240000,28"
"20/06/2026";"Autoservicio Hermanos Paz";"FC-A-03904";"JABON EN POLVO 800G X10";"8";"118000,31"
"12/07/2026";"Polirrubro La Paz";"FC-A-03797";"JABON EN POLVO 800G X10";"2";"440000,05"
"20/08/2026";"Kiosco La Parada";"FC-A-01977";"ALFAJORES TRIPLES X24";"15";"46000,18"
"01/02/2026";"Kiosco Pavon 2280";"FC-A-06700";"AGUA MINERAL 1.5L X6";"9";"434000,27"
"11/08/2026";"Kiosco La Parada";"FC-A-01338";"GALLETITAS SURTIDAS X12";"17";"101000,98"
"07/07/2026";"Autoservicio La Esquina";"FC-A-07494";"ACEITE GIRASOL 900ML X12";"3";"620000,39"
"16/08/2026";"Supermercado La Central";"FC-A-01496";"GASEOSA COLA 2.25L X6";"12";"412000,28"
"10/08/2026";"Kiosco Pavon 2280";"FC-A-08835";"PAPEL HIGIENICO X4";"23";"118000,81"
"20/01/2026";"Supermercado La Central";"FC-A-03221";"ACEITE GIRASOL 900ML X12";"2";"547000,78"
"25/05/2026";"Maxikiosco 24hs Lanus";"FC-A-05465";"GASEOSA COLA 2.25L X6";"1";"59000,41"
"22/09/2026";"Almacen y Fiambreria Muniz";"FC-A-07407";"JABON EN POLVO 800G X10";"19";"515000,11"
"25/05/2026";"Autoservicio La Esquina SRL";"FC-A-01478";"JABON EN POLVO 800G X10";"22";"47000,35"
"17/07/2026";"Autoservicio La Esquina SRL";"FC-A-09937";"JABON EN POLVO 800G X10";"8";"452000,53"
"19/09/2026";"Almacen Don Pedro";"FC-A-09003";"GALLETITAS SURTIDAS X12";"5";"252000,48"
"19/06/2026";"Polirrubro La Paz";"FC-A-08476";"PAPEL HIGIENICO X4";"4";"39000,14"
"21/06/2026";"Kiosco Rivadavia 3400";"FC-A-05002";"GASEOSA COLA 2.25L X6";"22";"450000,77"
"18/01/2026";"Despensa Santa Rita";"FC-A-01236";"YERBA MATE 1KG X10";"3";"472000,46"
"15/08/2026";"Minimercado Dona Rosa";"FC-A-04514";"GASEOSA COLA 2.25L X6";"5";"600000,70"
"26/06/2026";"Autoservicio La Esquina SRL";"FC-A-06662";"GASEOSA COLA 2.25L X6";"19";"224000,48"
"23/08/2026";"Kiosco La Parada";"FC-A-03148";"ACEITE GIRASOL 900ML X12";"1";"50000,21"
"20/02/2026";"Autoservicio Hermanos Paz";"FC-A-07533";"PAPEL HIGIENICO X4";"8";"245000,19"
"10/04/2026";"Autoservicio La Perla";"FC-A-06083";"JABON EN POLVO 800G X10";"16";"145000,16"
"21/01/2026";"Kiosco Pavon 2280";"FC-A-06373";"PURE DE TOMATE 520G X12";"1";"472000,35"
"12/07/2026";"Kiosco La Parada";"FC-A-00520";"JABON EN POLVO 800G X10";"10";"180000,05"
"02/09/2026";"Polirrubro La Paz";"FC-A-01901";"PURE DE TOMATE 520G X12";"3";"604000,03"
"22/05/2026";"Autoservicio La Perla";"FC-A-02487";"YERBA MATE 1KG X10";"5";"16000,02"
"20/02/2026";"Despensa Los Pinos";"FC-A-06324";"PAPEL HIGIENICO X4";"9";"540000,71"
"15/09/2026";"Despensa Santa Rita";"FC-A-00567";"YERBA MATE 1KG X10";"16";"452000,76"
"08/05/2026";"Maxikiosco El Cruce";"FC-A-05088";"ARROZ LARGO FINO 1KG X10";"4";"109000,58"
"01/02/2026";"Despensa Santa Rita";"FC-A-04464";"ARROZ LARGO FINO 1KG X10";"20";"297000,60"
"15/08/2026";"Autoservicio La Perla";"FC-A-08468";"ACEITE GIRASOL 900ML X12";"5";"107000,68"
"07/05/2026";"Almacen y Fiambreria Muniz";"FC-A-03886";"ARROZ LARGO FINO 1KG X10";"24";"586000,33"
"13/09/2026";"Polirrubro La Paz";"FC-A-08666";"ALFAJORES TRIPLES X24";"6";"522000,69"
"10/08/2026";"Almacen Don Pedro";"FC-A-04349";"AGUA MINERAL 1.5L X6";"15";"366000,53"
"07/06/2026";"Autoservicio Hermanos Paz";"FC-A-05493";"CERVEZA LATA 473ML X24";"18";"592000,56"
"02/07/2026";"Autoservicio La Esquina SRL";"FC-A-06261";"AGUA MINERAL 1.5L X6";"5";"627000,46"
"14/01/2026";"Almacen Don Pedro";"FC-A-03242";"CERVEZA LATA 473ML X24";"12";"109000,98"
"06/02/2026";"Autoservicio La Perla";"FC-A-04830";"ALFAJORES TRIPLES X24";"12";"442000,35"
"18/02/2026";"Kiosco Pavon 2280";"FC-A-09702";"PURE DE TOMATE 520G X12";"10";"274000,53"
"26/09/2026";"Almacen y Fiambreria Muniz";"FC-A-05000";"ARROZ LARGO FINO 1KG X10";"12";"207000,72"
"22/09/2026";"Supermercado La Central";"FC-A-03395";"ALFAJORES TRIPLES X24";"11";"208000,28"
"17/09/2026";"Autoservicio Hermanos Paz";"FC-A-01175";"GASEOSA COLA 2.25L X6";"4";"579000,73"
"10/01/2026";"Almacen Don Pedro";"FC-A-02880";"FIDEOS GUISEROS 500G X20";"21";"606000,42"
"22/08/2026";"Minimercado El Ceibo";"FC-A-05102";"FIDEOS GUISEROS 500G X20";"14";"153000,62"
"17/08/2026";"Minimercado Dona Rosa";"FC-A-00616";"ACEITE GIRASOL 900ML X12";"4";"35000,89"
"19/08/2026";"Maxikiosco 24hs Lanus";"FC-A-02158";"AGUA MINERAL 1.5L X6";"13";"350000,43"
"20/03/2026";"Despensa Santa Rita";"FC-A-04210";"GASEOSA COLA 2.25L X6";"24";"63000,47"
"13/02/2026";"Maxikiosco El Cruce";"FC-A-09686";"FIDEOS GUISEROS 500G X20";"7";"314000,51"
"04/08/2026";"Despensa Santa Rita";"FC-A-02231";"PAPEL HIGIENICO X4";"7";"9000,62"
"09/03/2026";"Minimercado Dona Rosa";"FC-A-09985";"ALFAJORES TRIPLES X24";"10";"44000,21"
"28/01/2026";"Autoservicio La Esquina";"FC-A-05388";"PAPEL HIGIENICO X4";"2";"420000,87"
"17/06/2026";"Autoservicio Hermanos Paz";"FC-A-02065";"FIDEOS GUISEROS 500G X20";"5";"604000,24"
"02/05/2026";"Autoservicio La Esquina SRL";"FC-A-06586";"JABON EN POLVO 800G X10";"19";"314000,68"
"04/03/2026";"Autoservicio Hermanos Paz";"FC-A-01412";"YERBA MATE 1KG X10";"18";"415000,79"
"17/08/2026";"Almacen Don Pedro";"FC-A-06285";"ARROZ LARGO FINO 1KG X10";"11";"396000,24"
"17/01/2026";"Almacen y Fiambreria Muniz";"FC-A-03786";"JABON EN POLVO 800G X10";"18";"252000,86"
"19/03/2026";"Kiosco Pavon 2280";"FC-A-08663";"FIDEOS GUISEROS 500G X20";"8";"39000,02"
"01/05/2026";"Autoservicio Hermanos Paz";"FC-A-08542";"ALFAJORES TRIPLES X24";"10";"316000,17"
"27/01/2026";"Autoservicio La Esquina SRL";"FC-A-01864";"ARROZ LARGO FINO 1KG X10";"7";"79000,51"
"28/04/2026";"Almacen Don Pedro";"FC-A-08953";"GALLETITAS SURTIDAS X12";"16";"264000,56"
"25/07/2026";"Autoservicio La Perla";"FC-A-06094";"JABON EN POLVO 800G X10";"5";"185000,89"
"09/03/2026";"Minimercado Dona Rosa";"FC-A-08205";"FIDEOS GUISEROS 500G X20";"7";"452000,17"
"27/05/2026";"Almacen San Cayetano";"FC-A-07704";"FIDEOS GUISEROS 500G X20";"17";"-48250,40"
"27/09/2026";"Despensa Santa Rita";"FC-A-09098";"FIDEOS GUISEROS 500G X20";"12";"403000,87"
"09/08/2026";"Polirrubro La Paz";"FC-A-07584";"ACEITE GIRASOL 900ML X12";"10";"210000,29"
"22/03/2026";"Almacen y Fiambreria Muniz";"FC-A-04491";"YERBA MATE 1KG X10";"9";"357000,94"
"12/05/2026";"Kiosco Pavon 2280";"FC-A-03647";"PAPEL HIGIENICO X4";"13";"254000,50"
"14/09/2026";"Kiosco Rivadavia 3400";"FC-A-03428";"FIDEOS GUISEROS 500G X20";"7";"104000,75"
"25/02/2026";"Almacen San Cayetano";"FC-A-09900";"GALLETITAS SURTIDAS X12";"15";"449000,76"
"06/06/2026";"Despensa Santa Rita";"FC-A-07887";"PURE DE TOMATE 520G X12";"10";"322000,64"
"16/07/2026";"Autoservicio La Esquina SRL";"FC-A-06464";"JABON EN POLVO 800G X10";"3";"27000,66"
"13/02/2026";"Autoservicio La Perla";"FC-A-05421";"PURE DE TOMATE 520G X12";"23";"137000,57"
"04/03/2026";"Supermercado La Central";"FC-A-02519";"FIDEOS GUISEROS 500G X20";"2";"112000,87"
"04/06/2026";"Polirrubro La Paz";"FC-A-03066";"GALLETITAS SURTIDAS X12";"16";"59000,55"
"01/09/2026";"Maxikiosco El Cruce";"FC-A-00388";"GASEOSA COLA 2.25L X6";"13";"631000,19"
"12/02/2026";"Maxikiosco 24hs Lanus";"FC-A-07023";"GASEOSA COLA 2.25L X6";"10";"43000,12"
"21/01/2026";"Polirrubro La Paz";"FC-A-02106";"YERBA MATE 1KG X10";"18";"127000,55"
"03/04/2026";"Supermercado La Central";"FC-A-05057";"GALLETITAS SURTIDAS X12";"2";"542000,87"
"25/08/2026";"Maxikiosco El Cruce";"FC-A-09320";"ARROZ LARGO FINO 1KG X10";"12";"346000,49"
"01/01/2026";"Kiosco La Parada";"FC-A-00945";"CERVEZA LATA 473ML X24";"5";"199000,38"
"05/03/2026";"Autoservicio Hermanos Paz";"FC-A-00045";"PAPEL HIGIENICO X4";"16";"353000,13"
"15/01/2026";"Autoservicio Hermanos Paz";"FC-A-07073";"GASEOSA COLA 2.25L X6";"22";"486000,45"
"26/05/2026";"Kiosco Rivadavia 3400";"FC-A-07511";"JABON EN POLVO 800G X10";"24";"302000,98"
"02/01/2026";"Kiosco Rivadavia 3400";"FC-A-00078";"GALLETITAS SURTIDAS X12";"18";"437000,57"
"27/03/2026";"Supermercado El Trebol";"FC-A-02034";"ARROZ LARGO FINO 1KG X10";"5";"9000,68"
"25/09/2026";"Maxikiosco El Cruce";"FC-A-08121";"FIDEOS GUISEROS 500G X20";"12";"188000,98"
"10/06/2026";"Almacen y Fiambreria Muniz";"FC-A-05277";"GALLETITAS SURTIDAS X12";"12";"326000,32"
"01/09/2026";"Maxikiosco 24hs Lanus";"FC-A-07894";"GASEOSA COLA 2.25L X6";"24";"304000,18"
"10/09/2026";"Maxikiosco 24hs Lanus";"FC-A-09278";"GALLETITAS SURTIDAS X12";"4";"9000,74"
"11/06/2026";"Minimercado Dona Rosa";"FC-A-01723";"YERBA MATE 1KG X10";"10";"638000,42"
"14/06/2026";"Autoservicio Hermanos Paz";"FC-A-06991";"CERVEZA LATA 473ML X24";"20";"378000,29"
"23/08/2026";"Maxikiosco El Cruce";"FC-A-02231";"GASEOSA COLA 2.25L X6";"23";"408000,98"
"15/01/2026";"Autoservicio La Esquina SRL";"FC-A-03566";"GASEOSA COLA 2.25L X6";"2";"565000,97"
"16/06/2026";"Polirrubro La Paz";"FC-A-02443";"YERBA MATE 1KG X10";"15";"244000,61"
"25/06/2026";"Autoservicio La Esquina SRL";"FC-A-01011";"GALLETITAS SURTIDAS X12";"2";"600000,01"
"12/09/2026";"Maxikiosco El Cruce";"FC-A-06458";"GALLETITAS SURTIDAS X12";"10";"435000,28"
"07/03/2026";"Autoservicio La Esquina";"FC-A-07145";"GASEOSA COLA 2.25L X6";"10";"473000,42"
"15/06/2026";"Autoservicio La Esquina SRL";"FC-A-05002";"PAPEL HIGIENICO X4";"1";"617000,69"
"09/05/2026";"Kiosco La Parada";"FC-A-02726";"PURE DE TOMATE 520G X12";"15";"379000,70"
"15/02/2026";"Autoservicio La Esquina";"FC-A-01419";"ALFAJORES TRIPLES X24";"24";"94000,20"
"01/05/2026";"Autoservicio La Esquina SRL";"FC-A-04404";"YERBA MATE 1KG X10";"24";"424000,95"
"26/09/2026";"Minimercado El Ceibo";"FC-A-05484";"CERVEZA LATA 473ML X24";"6";"196000,16"
"01/03/2026";"Supermercado El Trebol";"FC-A-09787";"GASEOSA COLA 2.25L X6";"2";"89000,14"
"07/09/2026";"Autoservicio Hermanos Paz";"FC-A-07125";"ARROZ LARGO FINO 1KG X10";"12";"441000,92"
"18/06/2026";"Maxikiosco El Cruce";"FC-A-06885";"ACEITE GIRASOL 900ML X12";"7";"402000,21"
"04/09/2026";"Minimercado El Ceibo";"FC-A-05335";"FIDEOS GUISEROS 500G X20";"2";"257000,98"
"21/03/2026";"Kiosco Rivadavia 3400";"FC-A-05326";"CERVEZA LATA 473ML X24";"10";"609000,50"
"24/01/2026";"Minimercado El Ceibo";"FC-A-05227";"ACEITE GIRASOL 900ML X12";"2";"525000,33"
"03/08/2026";"Minimercado El Ceibo";"FC-A-01987";"FIDEOS GUISEROS 500G X20";"15";"262000,98"
"11/03/2026";"Maxikiosco El Cruce";"FC-A-06943";"YERBA MATE 1KG X10";"6";"433000,49"
"12/02/2026";"Maxikiosco El Cruce";"FC-A-05963";"ARROZ LARGO FINO 1KG X10";"21";"397000,53"
"19/04/2026";"Kiosco Rivadavia 3400";"FC-A-04960";"AGUA MINERAL 1.5L X6";"11";"203000,11"
"09/06/2026";"Minimercado Dona Rosa";"FC-A-00062";"ARROZ LARGO FINO 1KG X10";"16";"467000,07"
"25/03/2026";"Minimercado El Ceibo";"FC-A-01601";"ALFAJORES TRIPLES X24";"7";"634000,07"
"26/03/2026";"Almacen y Fiambreria Muniz";"FC-A-00525";"PAPEL HIGIENICO X4";"17";"193000,92"
"12/01/2026";"Autoservicio La Esquina SRL";"FC-A-09163";"JABON EN POLVO 800G X10";"18";"560000,68"
"23/08/2026";"Kiosco La Parada";"FC-A-05441";"GASEOSA COLA 2.25L X6";"24";"289000,24"
"05/05/2026";"Despensa Santa Rita";"FC-A-01399";"ACEITE GIRASOL 900ML X12";"22";"375000,46"
"10/05/2026";"Despensa Santa Rita";"FC-A-07804";"AGUA MINERAL 1.5L X6";"1";"422000,37"
"09/02/2026";"Autoservicio Hermanos Paz";"FC-A-06889";"YERBA MATE 1KG X10";"24";"145000,11"
"20/05/2026";"Minimercado Dona Rosa";"FC-A-03202";"JABON EN POLVO 800G X10";"6";"181000,29"
"06/03/2026";"Supermercado El Trebol";"FC-A-00700";"YERBA MATE 1KG X10";"14";"566000,68"
"10/08/2026";"Maxikiosco El Cruce";"FC-A-05653";"PAPEL HIGIENICO X4";"12";"427000,32"
"05/03/2026";"Almacen y Fiambreria Muniz";"FC-A-06042";"AGUA MINERAL 1.5L X6";"7";"173000,28"
"20/08/2026";"Almacen Don Pedro";"FC-A-05024";"CERVEZA LATA 473ML X24";"23";"223000,89"
"21/02/2026";"Maxikiosco 24hs Lanus";"FC-A-09615";"YERBA MATE 1KG X10";"24";"509000,05"
"13/09/2026";"Almacen Don Pedro";"FC-A-07980";"ACEITE GIRASOL 900ML X12";"21";"57000,98"
"24/07/2026";"Autoservicio La Esquina";"FC-A-02026";"JABON EN POLVO 800G X10";"4";"263000,13"
"06/07/2026";"Autoservicio La Perla";"FC-A-04813";"AGUA MINERAL 1.5L X6";"10";"630000,43"
"11/04/2026";"Supermercado La Central";"FC-A-04984";"PURE DE TOMATE 520G X12";"20";"98000,41"
"20/09/2026";"Minimercado El Ceibo";"FC-A-04036";"ARROZ LARGO FINO 1KG X10";"24";"285000,01"
"15/01/2026";"Autoservicio La Esquina SRL";"FC-A-02366";"CERVEZA LATA 473ML X24";"18";"77000,69"
"21/04/2026";"Almacen Don Pedro";"FC-A-09224";"GASEOSA COLA 2.25L X6";"23";"532000,56"
"18/08/2026";"Autoservicio La Esquina";"FC-A-07067";"JABON EN POLVO 800G X10";"11";"293000,19"
"20/01/2026";"Autoservicio La Esquina SRL";"FC-A-01414";"ALFAJORES TRIPLES X24";"5";"91000,53"
"23/09/2026";"Polirrubro La Paz";"FC-A-04053";"PURE DE TOMATE 520G X12";"12";"516000,90"
"10/08/2026";"Autoservicio La Esquina SRL";"FC-A-02098";"GALLETITAS SURTIDAS X12";"13";"367000,42"
"24/02/2026";"Despensa Los Pinos";"FC-A-00489";"FIDEOS GUISEROS 500G X20";"8";"420000,64"
"01/04/2026";"Autoservicio La Esquina";"FC-A-07411";"ACEITE GIRASOL 900ML X12";"4";"251000,57"
"27/05/2026";"Maxikiosco 24hs Lanus";"FC-A-01402";"CERVEZA LATA 473ML X24";"1";"150000,92"
"23/09/2026";"Autoservicio Hermanos Paz";"FC-A-06840";"GALLETITAS SURTIDAS X12";"21";"252000,39"
"23/04/2026";"Maxikiosco El Cruce";"FC-A-00609";"PURE DE TOMATE 520G X12";"20";"307000,91"
"22/03/2026";"Autoservicio Hermanos Paz";"FC-A-00338";"GALLETITAS SURTIDAS X12";"1";"385000,70"
"19/01/2026";"Maxikiosco El Cruce";"FC-A-03406";"ALFAJORES TRIPLES X24";"1";"328000,67"
"01/09/2026";"Kiosco Pavon 2280";"FC-A-00143";"ARROZ LARGO FINO 1KG X10";"23";"395000,21"
"25/01/2026";"Autoservicio La Esquina";"FC-A-09125";"CERVEZA LATA 473ML X24";"16";"551000,28"
"16/03/2026";"Supermercado La Central";"FC-A-05846";"JABON EN POLVO 800G X10";"17";"296000,57"
"05/08/2026";"Despensa Los Pinos";"FC-A-03223";"ACEITE GIRASOL 900ML X12";"18";"473000,40"
"25/03/2026";"Despensa Santa Rita";"FC-A-06468";"ALFAJORES TRIPLES X24";"11";"250000,46"
"01/02/2026";"Maxikiosco El Cruce";"FC-A-08265";"PAPEL HIGIENICO X4";"21";"32000,93"
"10/03/2026";"Almacen Don Pedro";"FC-A-08701";"ALFAJORES TRIPLES X24";"5";"519000,27"
"17/01/2026";"Kiosco Pavon 2280";"FC-A-04804";"GALLETITAS SURTIDAS X12";"12";"212000,97"
"23/08/2026";"Kiosco Pavon 2280";"FC-A-09138";"PAPEL HIGIENICO X4";"19";"357000,95"
"17/04/2026";"Kiosco Pavon 2280";"FC-A-00522";"JABON EN POLVO 800G X10";"22";"454000,67"
"06/02/2026";"Kiosco La Parada";"FC-A-02890";"FIDEOS GUISEROS 500G X20";"24";"286000,40"
"23/05/2026";"Almacen Don Pedro";"FC-A-03980";"FIDEOS GUISEROS 500G X20";"4";"557000,58"
"24/07/2026";"Despensa Santa Rita";"FC-A-05896";"FIDEOS GUISEROS 500G X20";"20";"165000,45"
"20/09/2026";"Kiosco La Parada";"FC-A-01621";"FIDEOS GUISEROS 500G X20";"1";"612000,78"
"16/08/2026";"Supermercado El Trebol";"FC-A-05811";"JABON EN POLVO 800G X10";"22";"586000,32"
"15/04/2026";"Almacen San Cayetano";"FC-A-05482";"ARROZ LARGO FINO 1KG X10";"14";"434000,98"
"18/05/2026";"Maxikiosco 24hs Lanus";"FC-A-00074";"PURE DE TOMATE 520G X12";"10";"175000,70"
"06/09/2026";"Autoservicio La Esquina";"FC-A-04809";"ACEITE GIRASOL 900ML X12";"15";"104000,59"
"16/06/2026";"Supermercado La Central";"FC-A-00141";"FIDEOS GUISEROS 500G X20";"2";"547000,71"
"26/08/2026";"Autoservicio Hermanos Paz";"FC-A-00864";"FIDEOS GUISEROS 500G X20";"16";"227000,30"
"25/08/2026";"Despensa Los Pinos";"FC-A-05724";"JABON EN POLVO 800G X10";"1";"159000,07"
"05/06/2026";"Autoservicio La Esquina";"FC-A-08911";"ACEITE GIRASOL 900ML X12";"15";"136000,98"
"18/01/2026";"Autoservicio La Esquina";"FC-A-08479";"JABON EN POLVO 800G X10";"12";"551000,29"
"08/03/2026";"Autoservicio La Esquina";"FC-A-02949";"GALLETITAS SURTIDAS X12";"21";"94000,45"
"03/02/2026";"Supermercado El Trebol";"FC-A-05607";"PURE DE TOMATE 520G X12";"14";"482000,71"
"24/04/2026";"Minimercado Dona Rosa";"FC-A-01671";"ARROZ LARGO FINO 1KG X10";"19";"462000,80"
"13/03/2026";"Supermercado La Central";"FC-A-00345";"JABON EN POLVO 800G X10";"2";"504000,09"
"01/06/2026";"Kiosco La Parada";"FC-A-01055";"FIDEOS GUISEROS 500G X20";"23";"519000,33"
"09/05/2026";"Autoservicio La Perla";"FC-A-02176";"CERVEZA LATA 473ML X24";"3";"136000,83"
"23/04/2026";"Almacen y Fiambreria Muniz";"FC-A-03521";"JABON EN POLVO 800G X10";"20";"587000,27"
"03/09/2026";"Despensa Los Pinos";"FC-A-03295";"FIDEOS GUISEROS 500G X20";"16";"97000,99"
"02/08/2026";"Minimercado El Ceibo";"FC-A-05407";"ACEITE GIRASOL 900ML X12";"19";"586000,62"
"01/08/2026";"Kiosco Pavon 2280";"FC-A-04711";"PURE DE TOMATE 520G X12";"8";"514000,83"
"25/02/2026";"Minimercado El Ceibo";"FC-A-01950";"YERBA MATE 1KG X10";"15";"162000,66"
"24/04/2026";"Maxikiosco 24hs Lanus";"FC-A-06694";"FIDEOS GUISEROS 500G X20";"17";"341000,72"
"19/07/2026";"Minimercado Dona Rosa";"FC-A-03499";"AGUA MINERAL 1.5L X6";"24";"483000,51"
"27/01/2026";"Kiosco Pavon 2280";"FC-A-08063";"JABON EN POLVO 800G X10";"2";"17000,03"
"01/03/2026";"Almacen San Cayetano";"FC-A-04266";"ALFAJORES TRIPLES X24";"17";"198000,83"
"28/02/2026";"Despensa Los Pinos";"FC-A-03964";"GASEOSA COLA 2.25L X6";"14";"287000,80"
"01/08/2026";"Autoservicio La Perla";"FC-A-00448";"GALLETITAS SURTIDAS X12";"15";"212000,02"
"04/08/2026";"Supermercado La Central";"FC-A-08502";"PURE DE TOMATE 520G X12";"2";"512000,83"
"27/06/2026";"Almacen Don Pedro";"FC-A-02787";"CERVEZA LATA 473ML X24";"4";"384000,39"
"07/04/2026";"Polirrubro La Paz";"FC-A-05029";"ARROZ LARGO FINO 1KG X10";"20";"62000,83"
"27/09/2026";"Maxikiosco El Cruce";"FC-A-00248";"YERBA MATE 1KG X10";"23";"570000,96"
"10/07/2026";"Kiosco Rivadavia 3400";"FC-A-03888";"PAPEL HIGIENICO X4";"22";"252000,55"
"13/09/2026";"Despensa Los Pinos";"FC-A-04675";"FIDEOS GUISEROS 500G X20";"1";"316000,99"
"12/09/2026";"Despensa Santa Rita";"FC-A-02498";"PURE DE TOMATE 520G X12";"12";"146000,23"
"10/06/2026";"Polirrubro La Paz";"FC-A-01632";"ARROZ LARGO FINO 1KG X10";"5";"197000,14"
"23/05/2026";"Despensa Santa Rita";"FC-A-04167";"YERBA MATE 1KG X10";"1";"341000,17"
"17/01/2026";"Kiosco Rivadavia 3400";"FC-A-00328";"ACEITE GIRASOL 900ML X12";"6";"25000,89"
"26/06/2026";"Polirrubro La Paz";"FC-A-00786";"AGUA MINERAL 1.5L X6";"21";"597000,79"
"03/02/2026";"Autoservicio Hermanos Paz";"FC-A-07144";"JABON EN POLVO 800G X10";"15";"264000,20"
"23/07/2026";"Kiosco Pavon 2280";"FC-A-02119";"JABON EN POLVO 800G X10";"24";"520000,54"
"05/07/2026";"Supermercado El Trebol";"FC-A-09650";"ARROZ LARGO FINO 1KG X10";"2";"581000,22"
"10/01/2026";"Autoservicio La Esquina SRL";"FC-A-08052";"GASEOSA COLA 2.25L X6";"23";"304000,10"
"02/02/2026";"Almacen Don Pedro";"FC-A-08066";"PURE DE TOMATE 520G X12";"9";"423000,58"
"26/09/2026";"Supermercado La Central";"FC-A-02709";"GASEOSA COLA 2.25L X6";"16";"633000,26"
"25/04/2026";"Almacen San Cayetano";"FC-A-00918";"ARROZ LARGO FINO 1KG X10";"1";"525000,36"
"06/02/2026";"Despensa Los Pinos";"FC-A-05809";"YERBA MATE 1KG X10";"3";"467000,45"
"26/02/2026";"Kiosco Rivadavia 3400";"FC-A-09097";"FIDEOS GUISEROS 500G X20";"23";"247000,92"
"13/06/2026";"Minimercado El Ceibo";"FC-A-09233";"PURE DE TOMATE 520G X12";"7";"243000,35"
"24/06/2026";"Almacen Don Pedro";"FC-A-05288";"PURE DE TOMATE 520G X12";"8";"54000,17"
"12/01/2026";"Polirrubro La Paz";"FC-A-04411";"YERBA MATE 1KG X10";"15";"474000,23"
"22/07/2026";"Supermercado La Central";"FC-A-04159";"GALLETITAS SURTIDAS X12";"22";"289000,12"
"01/01/2026";"Almacen San Cayetano";"FC-A-02582";"JABON EN POLVO 800G X10";"10";"379000,79"
"06/07/2026";"Maxikiosco El Cruce";"FC-A-00206";"CERVEZA LATA 473ML X24";"5";"285000,55"
"";"Autoservicio La Esquina SRL";"FC-A-02513";"FIDEOS GUISEROS 500G X20";"14";"210000,90"
"17/04/2026";"Despensa Los Pinos";"FC-A-04453";"CERVEZA LATA 473ML X24";"8";"314000,67"
"27/03/2026";"Kiosco La Parada";"FC-A-00132";"JABON EN POLVO 800G X10";"11";"38000,77"
"17/07/2026";"Minimercado El Ceibo";"FC-A-04659";"FIDEOS GUISEROS 500G X20";"14";"547000,64"
"23/04/2026";"Despensa Los Pinos";"FC-A-00166";"PAPEL HIGIENICO X4";"16";"56000,46"
"24/08/2026";"Autoservicio La Esquina SRL";"FC-A-04817";"ALFAJORES TRIPLES X24";"7";"290000,57"
"13/04/2026";"Kiosco La Parada";"FC-A-05424";"GALLETITAS SURTIDAS X12";"12";"184000,06"
"13/04/2026";"Polirrubro La Paz";"FC-A-07828";"PURE DE TOMATE 520G X12";"12";"53000,55"
"11/06/2026";"Polirrubro La Paz";"FC-A-03323";"PAPEL HIGIENICO X4";"7";"29000,20"
"02/01/2026";"Supermercado El Trebol";"FC-A-01630";"AGUA MINERAL 1.5L X6";"7";"387000,09"
"04/09/2026";"Maxikiosco 24hs Lanus";"FC-A-01060";"AGUA MINERAL 1.5L X6";"16";"244000,60"
"13/06/2026";"Despensa Santa Rita";"FC-A-07955";"JABON EN POLVO 800G X10";"12";"90000,37"
"10/06/2026";"Kiosco Pavon 2280";"FC-A-09632";"GALLETITAS SURTIDAS X12";"23";"223000,90"
"22/06/2026";"Autoservicio La Esquina";"FC-A-01082";"YERBA MATE 1KG X10";"22";"534000,81"
"07/06/2026";"Autoservicio La Esquina SRL";"FC-A-05281";"YERBA MATE 1KG X10";"24";"250000,63"
"02/05/2026";"Supermercado El Trebol";"FC-A-04071";"JABON EN POLVO 800G X10";"2";"523000,71"
"18/05/2026";"Despensa Santa Rita";"FC-A-01230";"CERVEZA LATA 473ML X24";"24";"502000,82"
"20/05/2026";"Supermercado La Central";"FC-A-04493";"GALLETITAS SURTIDAS X12";"1";"157000,76"
"02/05/2026";"Despensa Santa Rita";"FC-A-01748";"AGUA MINERAL 1.5L X6";"13";"631000,72"
"15/08/2026";"Polirrubro La Paz";"FC-A-01550";"JABON EN POLVO 800G X10";"16";"210000,09"
"11/06/2026";"Minimercado El Ceibo";"FC-A-05701";"PAPEL HIGIENICO X4";"14";"635000,75"
"20/03/2026";"Supermercado La Central";"FC-A-08628";"PURE DE TOMATE 520G X12";"4";"474000,83"
"17/01/2026";"Kiosco La Parada";"FC-A-06342";"YERBA MATE 1KG X10";"13";"28000,27"
"01/05/2026";"Almacen y Fiambreria Muniz";"FC-A-09356";"JABON EN POLVO 800G X10";"3";"236000,72"
"27/05/2026";"Kiosco Rivadavia 3400";"FC-A-05995";"GASEOSA COLA 2.25L X6";"19";"527000,49"
"19/06/2026";"Kiosco Rivadavia 3400";"FC-A-00222";"CERVEZA LATA 473ML X24";"2";"162000,80"
"18/09/2026";"Autoservicio La Esquina SRL";"FC-A-04974";"GALLETITAS SURTIDAS X12";"9";"409000,02"
"02/03/2026";"Almacen y Fiambreria Muniz";"FC-A-02113";"ARROZ LARGO FINO 1KG X10";"18";"208000,18"
"09/08/2026";"Supermercado La Central";"FC-A-01040";"FIDEOS GUISEROS 500G X20";"21";"453000,23"
"20/02/2026";"Almacen San Cayetano";"FC-A-09387";"GASEOSA COLA 2.25L X6";"6";"291000,92"
"20/02/2026";"Despensa Los Pinos";"FC-A-08109";"ACEITE GIRASOL 900ML X12";"16";"350000,52"
"24/08/2026";"Autoservicio La Perla";"FC-A-08612";"ARROZ LARGO FINO 1KG X10";"4";"471000,46"
"03/08/2026";"Kiosco Rivadavia 3400";"FC-A-04954";"ARROZ LARGO FINO 1KG X10";"14";"188000,16"
"28/03/2026";"Almacen y Fiambreria Muniz";"FC-A-02421";"YERBA MATE 1KG X10";"7";"474000,02"
"06/08/2026";"Almacen San Cayetano";"FC-A-03392";"ALFAJORES TRIPLES X24";"17";"445000,01"
"13/09/2026";"Almacen y Fiambreria Muniz";"FC-A-04551";"ALFAJORES TRIPLES X24";"4";"173000,77"
"10/01/2026";"Autoservicio La Perla";"FC-A-07438";"YERBA MATE 1KG X10";"1";"176000,35"
"01/03/2026";"Polirrubro La Paz";"FC-A-09325";"ARROZ LARGO FINO 1KG X10";"17";"383000,83"
"24/02/2026";"Almacen Don Pedro";"FC-A-08381";"JABON EN POLVO 800G X10";"22";"500000,04"
"15/02/2026";"Autoservicio La Perla";"FC-A-09109";"GALLETITAS SURTIDAS X12";"20";"523000,70"
"16/09/2026";"Supermercado El Trebol";"FC-A-07374";"ACEITE GIRASOL 900ML X12";"15";"466000,32"
"09/04/2026";"Kiosco Rivadavia 3400";"FC-A-07104";"YERBA MATE 1KG X10";"14";"45000,90"
"23/06/2026";"Autoservicio La Esquina";"FC-A-06939";"PAPEL HIGIENICO X4";"20";"309000,52"
"26/03/2026";"Almacen San Cayetano";"FC-A-01354";"PAPEL HIGIENICO X4";"3";"552000,58"
"15/03/2026";"Almacen San Cayetano";"FC-A-09913";"GASEOSA COLA 2.25L X6";"20";"536000,14"
"07/09/2026";"Minimercado Dona Rosa";"FC-A-04552";"ALFAJORES TRIPLES X24";"6";"612000,80"
"07/07/2026";"Autoservicio La Esquina";"FC-A-06337";"CERVEZA LATA 473ML X24";"8";"596000,95"
"10/04/2026";"Almacen San Cayetano";"FC-A-00830";"GALLETITAS SURTIDAS X12";"15";"91000,94"
"07/08/2026";"Autoservicio La Esquina SRL";"FC-A-04623";"PURE DE TOMATE 520G X12";"10";"470000,36"
"10/05/2026";"Autoservicio Hermanos Paz";"FC-A-00870";"JABON EN POLVO 800G X10";"24";"218000,78"
"07/05/2026";"Minimercado El Ceibo";"FC-A-05098";"AGUA MINERAL 1.5L X6";"17";"351000,48"
"06/09/2026";"Minimercado El Ceibo";"FC-A-01911";"CERVEZA LATA 473ML X24";"11";"255000,20"
"26/07/2026";"Almacen Don Pedro";"FC-A-07448";"AGUA MINERAL 1.5L X6";"2";"184000,24"
"13/01/2026";"Kiosco Rivadavia 3400";"FC-A-07298";"YERBA MATE 1KG X10";"5";"269000,43"
"05/09/2026";"Autoservicio La Perla";"FC-A-01973";"PAPEL HIGIENICO X4";"19";"577000,10"
"25/02/2026";"Maxikiosco El Cruce";"FC-A-01633";"YERBA MATE 1KG X10";"7";"541000,63"
"23/04/2026";"Autoservicio La Esquina SRL";"FC-A-07338";"ACEITE GIRASOL 900ML X12";"7";"578000,02"
"17/06/2026";"Maxikiosco 24hs Lanus";"FC-A-05283";"ALFAJORES TRIPLES X24";"17";"101000,55"
"07/06/2026";"Maxikiosco El Cruce";"FC-A-05871";"AGUA MINERAL 1.5L X6";"16";"77000,06"
"01/01/2026";"Minimercado El Ceibo";"FC-A-08997";"GALLETITAS SURTIDAS X12";"24";"198000,97"
"14/02/2026";"Despensa Santa Rita";"FC-A-07406";"ARROZ LARGO FINO 1KG X10";"12";"219000,68"
"02/04/2026";"Autoservicio La Esquina";"FC-A-01063";"JABON EN POLVO 800G X10";"13";"180000,61"
"01/04/2026";"Minimercado El Ceibo";"FC-A-02044";"ALFAJORES TRIPLES X24";"21";"428000,07"
"25/08/2026";"Autoservicio La Esquina";"FC-A-00807";"GASEOSA COLA 2.25L X6";"24";"513000,45"
"13/07/2026";"Despensa Santa Rita";"FC-A-04555";"FIDEOS GUISEROS 500G X20";"18";"518000,59"
"21/04/2026";"Autoservicio La Esquina SRL";"FC-A-08306";"FIDEOS GUISEROS 500G X20";"21";"89000,91"
"13/01/2026";"Maxikiosco El Cruce";"FC-A-02498";"CERVEZA LATA 473ML X24";"23";"439000,01"
"05/01/2026";"Polirrubro La Paz";"FC-A-03853";"FIDEOS GUISEROS 500G X20";"5";"636000,10"
"18/08/2026";"Autoservicio La Esquina";"FC-A-00265";"ARROZ LARGO FINO 1KG X10";"16";"377000,39"
"15/01/2026";"Almacen San Cayetano";"FC-A-04724";"ARROZ LARGO FINO 1KG X10";"22";"410000,55"
"05/03/2026";"Supermercado El Trebol";"FC-A-03370";"PAPEL HIGIENICO X4";"12";"56000,18"
"04/01/2026";"Almacen San Cayetano";"FC-A-05815";"ARROZ LARGO FINO 1KG X10";"7";"34000,83"
"07/02/2026";"Kiosco La Parada";"FC-A-07009";"ALFAJORES TRIPLES X24";"2";"320000,21"
"27/09/2026";"Almacen Don Pedro";"FC-A-04067";"PURE DE TOMATE 520G X12";"8";"180000,88"
"04/07/2026";"Maxikiosco El Cruce";"FC-A-08761";"GALLETITAS SURTIDAS X12";"10";"620000,16"
"26/09/2026";"Minimercado Dona Rosa";"FC-A-00661";"ACEITE GIRASOL 900ML X12";"3";"423000,86"
"04/07/2026";"Kiosco Rivadavia 3400";"FC-A-04029";"YERBA MATE 1KG X10";"2";"92000,02"
"26/01/2026";"Autoservicio La Esquina SRL";"FC-A-07154";"YERBA MATE 1KG X10";"11";"75000,30"
"12/01/2026";"Minimercado Dona Rosa";"FC-A-02808";"PAPEL HIGIENICO X4";"3";"452000,10"
"04/07/2026";"Kiosco Pavon 2280";"FC-A-04852";"FIDEOS GUISEROS 500G X20";"7";"300000,37"
"09/02/2026";"Minimercado Dona Rosa";"FC-A-08944";"YERBA MATE 1KG X10";"17";"609000,70"
"16/04/2026";"Despensa Los Pinos";"FC-A-07975";"PAPEL HIGIENICO X4";"20";"146000,84"
"16/08/2026";"Supermercado La Central";"FC-A-04721";"GASEOSA COLA 2.25L X6";"6";"527000,80"
"18/03/2026";"Maxikiosco 24hs Lanus";"FC-A-03712";"JABON EN POLVO 800G X10";"2";"514000,21"
"11/03/2026";"Almacen San Cayetano";"FC-A-08059";"CERVEZA LATA 473ML X24";"23";"110000,09"
"24/06/2026";"Supermercado La Central";"FC-A-00715";"ACEITE GIRASOL 900ML X12";"12";"67000,33"
"07/07/2026";"Almacen San Cayetano";"FC-A-09442";"AGUA MINERAL 1.5L X6";"5";"199000,22"
"23/09/2026";"Minimercado El Ceibo";"FC-A-01412";"GASEOSA COLA 2.25L X6";"7";"193000,52"
"04/09/2026";"Supermercado La Central";"FC-A-07735";"ALFAJORES TRIPLES X24";"22";"324000,90"
"03/04/2026";"Minimercado Dona Rosa";"FC-A-00018";"JABON EN POLVO 800G X10";"17";"23000,35"
"24/07/2026";"Almacen Don Pedro";"FC-A-08853";"GALLETITAS SURTIDAS X12";"15";"508000,35"
"02/09/2026";"Autoservicio Hermanos Paz";"FC-A-07894";"CERVEZA LATA 473ML X24";"24";"342000,86"
"04/08/2026";"Autoservicio La Perla";"FC-A-00332";"YERBA MATE 1KG X10";"2";"119000,21"
"10/08/2026";"Minimercado El Ceibo";"FC-A-03385";"PAPEL HIGIENICO X4";"1";"181000,14"
"05/03/2026";"Autoservicio Hermanos Paz";"FC-A-08844";"ARROZ LARGO FINO 1KG X10";"18";"619000,07"
"26/03/2026";"Supermercado La Central";"FC-A-02934";"ARROZ LARGO FINO 1KG X10";"15";"614000,98"
"21/08/2026";"Autoservicio La Esquina SRL";"FC-A-09792";"ARROZ LARGO FINO 1KG X10";"21";"213000,90"
"11/05/2026";"Kiosco Pavon 2280";"FC-A-09194";"GASEOSA COLA 2.25L X6";"2";"240000,34"
"12/05/2026";"Despensa Santa Rita";"FC-A-06496";"CERVEZA LATA 473ML X24";"22";"570000,26"
"01/07/2026";"Kiosco La Parada";"FC-A-00182";"PAPEL HIGIENICO X4";"4";"608000,20"
"28/08/2026";"Despensa Santa Rita";"FC-A-09988";"GALLETITAS SURTIDAS X12";"4";"425000,31"
"24/09/2026";"Maxikiosco El Cruce";"FC-A-09885";"ARROZ LARGO FINO 1KG X10";"18";"594000,18"
"08/08/2026";"Autoservicio Hermanos Paz";"FC-A-07086";"GALLETITAS SURTIDAS X12";"16";"114000,86"
"22/05/2026";"Maxikiosco El Cruce";"FC-A-03558";"AGUA MINERAL 1.5L X6";"11";"145000,00"
"02/07/2026";"Despensa Los Pinos";"FC-A-08023";"YERBA MATE 1KG X10";"19";"322000,20"
"25/07/2026";"Despensa Santa Rita";"FC-A-08316";"GASEOSA COLA 2.25L X6";"11";"270000,95"
"12/09/2026";"Kiosco Rivadavia 3400";"FC-A-08410";"GASEOSA COLA 2.25L X6";"24";"258000,54"
"21/04/2026";"Almacen Don Pedro";"FC-A-07554";"ARROZ LARGO FINO 1KG X10";"7";"557000,78"
"13/09/2026";"Autoservicio La Esquina";"FC-A-01015";"ACEITE GIRASOL 900ML X12";"4";"524000,45"
"20/06/2026";"Supermercado El Trebol";"FC-A-05902";"ALFAJORES TRIPLES X24";"5";"569000,79"
"06/06/2026";"Supermercado La Central";"FC-A-03940";"JABON EN POLVO 800G X10";"11";"328000,51"
"05/02/2026";"Supermercado La Central";"FC-A-05288";"GASEOSA COLA 2.25L X6";"11";"114000,99"
"27/03/2026";"Despensa Los Pinos";"FC-A-04586";"FIDEOS GUISEROS 500G X20";"17";"83000,75"
"22/09/2026";"Autoservicio La Esquina";"FC-A-09841";"GASEOSA COLA 2.25L X6";"21";"371000,52"
"06/06/2026";"Autoservicio La Perla";"FC-A-01948";"GASEOSA COLA 2.25L X6";"19";"218000,15"
"03/06/2026";"";"FC-A-02915";"ALFAJORES TRIPLES X24";"4";"355000,78"
"19/05/2026";"Kiosco Rivadavia 3400";"FC-A-03287";"PAPEL HIGIENICO X4";"6";"268000,35"
"16/05/2026";"Minimercado El Ceibo";"FC-A-08334";"ALFAJORES TRIPLES X24";"1";"195000,86"
"13/01/2026";"Minimercado El Ceibo";"FC-A-01924";"PAPEL HIGIENICO X4";"19";"136000,03"
"01/02/2026";"Kiosco Rivadavia 3400";"FC-A-09221";"YERBA MATE 1KG X10";"15";"449000,83"
"01/02/2026";"Supermercado El Trebol";"FC-A-05787";"PURE DE TOMATE 520G X12";"14";"89000,31"
"21/05/2026";"Supermercado La Central";"FC-A-08108";"GALLETITAS SURTIDAS X12";"21";"23000,25"
"27/02/2026";"Polirrubro La Paz";"FC-A-01447";"ALFAJORES TRIPLES X24";"24";"561000,83"
"19/03/2026";"Kiosco La Parada";"FC-A-03716";"GALLETITAS SURTIDAS X12";"19";"325000,86"
"03/05/2026";"Autoservicio Hermanos Paz";"FC-A-07308";"PURE DE TOMATE 520G X12";"9";"155000,02"
"13/04/2026";"Autoservicio Hermanos Paz";"FC-A-06939";"GALLETITAS SURTIDAS X12";"24";"236000,34"
"14/03/2026";"Despensa Santa Rita";"FC-A-06611";"YERBA MATE 1KG X10";"24";"340000,11"
"09/01/2026";"Autoservicio La Perla";"FC-A-00435";"ARROZ LARGO FINO 1KG X10";"23";"606000,47"
"03/06/2026";"Maxikiosco El Cruce";"FC-A-03118";"FIDEOS GUISEROS 500G X20";"8";"551000,10"
"13/09/2026";"Minimercado Dona Rosa";"FC-A-04530";"ARROZ LARGO FINO 1KG X10";"20";"266000,93"
"13/02/2026";"Minimercado Dona Rosa";"FC-A-03662";"GASEOSA COLA 2.25L X6";"18";"146000,30"
"24/04/2026";"Kiosco La Parada";"FC-A-02211";"ALFAJORES TRIPLES X24";"6";"68000,28"
"02/01/2026";"Almacen San Cayetano";"FC-A-05665";"FIDEOS GUISEROS 500G X20";"12";"412000,91"
"13/06/2026";"Kiosco Pavon 2280";"FC-A-05730";"YERBA MATE 1KG X10";"6";"529000,78"
"28/09/2026";"Maxikiosco 24hs Lanus";"FC-A-09833";"ACEITE GIRASOL 900ML X12";"5";"467000,03"
"05/03/2026";"Kiosco Rivadavia 3400";"FC-A-06300";"GALLETITAS SURTIDAS X12";"10";"263000,44"
"14/04/2026";"Kiosco Rivadavia 3400";"FC-A-02023";"AGUA MINERAL 1.5L X6";"23";"109000,31"
"16/07/2026";"Supermercado La Central";"FC-A-02783";"ARROZ LARGO FINO 1KG X10";"13";"436000,98"
"15/08/2026";"Minimercado Dona Rosa";"FC-A-01656";"YERBA MATE 1KG X10";"23";"561000,68"
"04/04/2026";"Autoservicio La Perla";"FC-A-01972";"ALFAJORES TRIPLES X24";"6";"71000,17"
"15/06/2026";"Autoservicio La Esquina";"FC-A-09672";"FIDEOS GUISEROS 500G X20";"2";"66000,08"
"25/07/2026";"Supermercado El Trebol";"FC-A-01696";"AGUA MINERAL 1.5L X6";"6";"402000,39"
"03/06/2026";"Supermercado El Trebol";"FC-A-04734";"YERBA MATE 1KG X10";"1";"539000,09"
"04/08/2026";"Maxikiosco 24hs Lanus";"FC-A-02789";"FIDEOS GUISEROS 500G X20";"24";"107000,56"
"17/01/2026";"Almacen y Fiambreria Muniz";"FC-A-05999";"YERBA MATE 1KG X10";"15";"204000,03"
"19/01/2026";"Kiosco Rivadavia 3400";"FC-A-06779";"PURE DE TOMATE 520G X12";"9";"615000,38"
"13/02/2026";"Autoservicio La Perla";"FC-A-05176";"PURE DE TOMATE 520G X12";"11";"30000,39"
"26/06/2026";"Maxikiosco El Cruce";"FC-A-06446";"GASEOSA COLA 2.25L X6";"7";"108000,77"
"22/01/2026";"Kiosco Rivadavia 3400";"FC-A-01345";"ARROZ LARGO FINO 1KG X10";"1";"628000,76"
"20/03/2026";"Maxikiosco El Cruce";"FC-A-09611";"JABON EN POLVO 800G X10";"17";"571000,46"
"07/09/2026";"Supermercado La Central";"FC-A-08134";"ALFAJORES TRIPLES X24";"16";"514000,96"
"23/06/2026";"Kiosco Pavon 2280";"FC-A-00270";"PAPEL HIGIENICO X4";"19";"600000,11"
"26/06/2026";"Autoservicio La Esquina SRL";"FC-A-04217";"ALFAJORES TRIPLES X24";"17";"123000,52"
"07/05/2026";"Minimercado El Ceibo";"FC-A-04487";"AGUA MINERAL 1.5L X6";"2";"593000,46"
"14/08/2026";"Kiosco Rivadavia 3400";"FC-A-02184";"FIDEOS GUISEROS 500G X20";"4";"622000,78"
"06/09/2026";"Maxikiosco 24hs Lanus";"FC-A-08710";"GALLETITAS SURTIDAS X12";"10";"194000,75"
"02/07/2026";"Kiosco Rivadavia 3400";"FC-A-08258";"PAPEL HIGIENICO X4";"1";"289000,86"
"22/05/2026";"Kiosco Pavon 2280";"FC-A-06299";"ALFAJORES TRIPLES X24";"17";"583000,29"
"17/03/2026";"Autoservicio Hermanos Paz";"FC-A-04493";"ACEITE GIRASOL 900ML X12";"22";"386000,25"
"17/07/2026";"Autoservicio La Perla";"FC-A-00188";"FIDEOS GUISEROS 500G X20";"12";"187000,40"
"11/04/2026";"Despensa Santa Rita";"FC-A-02040";"CERVEZA LATA 473ML X24";"20";"227000,75"
"16/06/2026";"Kiosco La Parada";"FC-A-09356";"FIDEOS GUISEROS 500G X20";"3";"416000,53"
"15/04/2026";"Despensa Los Pinos";"FC-A-02259";"AGUA MINERAL 1.5L X6";"13";"621000,70"
"04/08/2026";"Almacen Don Pedro";"FC-A-05231";"JABON EN POLVO 800G X10";"20";"294000,48"
"03/08/2026";"Minimercado Dona Rosa";"FC-A-00999";"GASEOSA COLA 2.25L X6";"23";"614000,44"
"26/05/2026";"Despensa Santa Rita";"FC-A-06108";"AGUA MINERAL 1.5L X6";"3";"531000,85"
"04/03/2026";"Autoservicio La Perla";"FC-A-01354";"YERBA MATE 1KG X10";"8";"564000,31"
"28/06/2026";"Autoservicio Hermanos Paz";"FC-A-08437";"FIDEOS GUISEROS 500G X20";"11";"174000,23"
"26/04/2026";"Kiosco La Parada";"FC-A-07019";"PAPEL HIGIENICO X4";"16";"101000,41"
"18/01/2026";"Almacen Don Pedro";"FC-A-08231";"YERBA MATE 1KG X10";"9";"60000,15"
"27/06/2026";"Maxikiosco 24hs Lanus";"FC-A-02786";"GALLETITAS SURTIDAS X12";"18";"118000,95"
"14/03/2026";"Despensa Santa Rita";"FC-A-04402";"ARROZ LARGO FINO 1KG X10";"14";"271000,90"
"10/03/2026";"Kiosco Pavon 2280";"FC-A-03357";"PAPEL HIGIENICO X4";"6";"450000,14"
"14/07/2026";"Maxikiosco El Cruce";"FC-A-08331";"AGUA MINERAL 1.5L X6";"11";"199000,14"
"06/03/2026";"Almacen San Cayetano";"FC-A-00552";"GALLETITAS SURTIDAS X12";"13";"506000,68"
"13/07/2026";"Maxikiosco El Cruce";"FC-A-00440";"CERVEZA LATA 473ML X24";"3";"151000,80"
"06/05/2026";"Almacen San Cayetano";"FC-A-08419";"ACEITE GIRASOL 900ML X12";"13";"293000,74"
"15/04/2026";"Supermercado El Trebol";"FC-A-04450";"PURE DE TOMATE 520G X12";"12";"60000,35"
"03/03/2026";"Autoservicio La Perla";"FC-A-09356";"YERBA MATE 1KG X10";"12";"596000,44"
"26/02/2026";"Autoservicio La Perla";"FC-A-07703";"ALFAJORES TRIPLES X24";"11";"353000,83"
"23/05/2026";"Despensa Santa Rita";"FC-A-06959";"FIDEOS GUISEROS 500G X20";"21";"146000,60"
"04/04/2026";"Minimercado El Ceibo";"FC-A-00190";"CERVEZA LATA 473ML X24";"20";"467000,15"
"12/07/2026";"Maxikiosco El Cruce";"FC-A-04151";"AGUA MINERAL 1.5L X6";"24";"191000,57"
"14/03/2026";"Supermercado El Trebol";"FC-A-06954";"PAPEL HIGIENICO X4";"14";"225000,38"
"19/06/2026";"Despensa Santa Rita";"FC-A-03724";"PAPEL HIGIENICO X4";"2";"138000,77"
"14/02/2026";"Almacen San Cayetano";"FC-A-00451";"YERBA MATE 1KG X10";"15";"172000,54"
"02/01/2026";"Almacen Don Pedro";"FC-A-00577";"ARROZ LARGO FINO 1KG X10";"8";"406000,34"
"27/01/2026";"Minimercado El Ceibo";"FC-A-04104";"FIDEOS GUISEROS 500G X20";"15";"265000,33"
"22/05/2026";"Almacen y Fiambreria Muniz";"FC-A-05104";"PAPEL HIGIENICO X4";"15";"414000,03"
"15/05/2026";"Minimercado El Ceibo";"FC-A-02583";"ALFAJORES TRIPLES X24";"4";"79000,44"
"15/03/2026";"Maxikiosco 24hs Lanus";"FC-A-06601";"AGUA MINERAL 1.5L X6";"1";"319000,62"
"27/06/2026";"Almacen Don Pedro";"FC-A-09479";"YERBA MATE 1KG X10";"15";"268000,54"
"25/07/2026";"Autoservicio La Esquina SRL";"FC-A-04168";"FIDEOS GUISEROS 500G X20";"18";"369000,36"
"28/09/2026";"Polirrubro La Paz";"FC-A-00510";"PURE DE TOMATE 520G X12";"6";"339000,31"
"07/04/2026";"Minimercado Dona Rosa";"FC-A-02157";"FIDEOS GUISEROS 500G X20";"1";"124000,40"
"23/07/2026";"Autoservicio Hermanos Paz";"FC-A-00837";"YERBA MATE 1KG X10";"19";"364000,66"
"14/05/2026";"Polirrubro La Paz";"FC-A-00394";"ARROZ LARGO FINO 1KG X10";"23";"117000,83"
"21/02/2026";"Kiosco Pavon 2280";"FC-A-04306";"ACEITE GIRASOL 900ML X12";"7";"545000,33"
"06/03/2026";"Autoservicio La Perla";"FC-A-02735";"GALLETITAS SURTIDAS X12";"22";"451000,82"
"02/01/2026";"Kiosco Pavon 2280";"FC-A-09004";"PURE DE TOMATE 520G X12";"16";"519000,66"
"17/06/2026";"Autoservicio La Perla";"FC-A-09291";"ARROZ LARGO FINO 1KG X10";"15";"167000,34"
"12/07/2026";"Supermercado El Trebol";"FC-A-09622";"ALFAJORES TRIPLES X24";"15";"198000,90"
"28/07/2026";"Almacen y Fiambreria Muniz";"FC-A-06511";"AGUA MINERAL 1.5L X6";"10";"425000,62"
"06/09/2026";"Supermercado El Trebol";"FC-A-06272";"ALFAJORES TRIPLES X24";"23";"569000,53"
"20/03/2026";"Supermercado El Trebol";"FC-A-01508";"CERVEZA LATA 473ML X24";"19";"464000,38"
"02/06/2026";"Autoservicio Hermanos Paz";"FC-A-02534";"CERVEZA LATA 473ML X24";"2";"624000,01"
"23/02/2026";"Almacen Don Pedro";"FC-A-01487";"ACEITE GIRASOL 900ML X12";"20";"63000,68"
"26/09/2026";"Maxikiosco 24hs Lanus";"FC-A-07242";"GASEOSA COLA 2.25L X6";"13";"563000,88"
"03/04/2026";"Supermercado La Central";"FC-A-07327";"ALFAJORES TRIPLES X24";"17";"165000,04"
"11/03/2026";"Almacen Don Pedro";"FC-A-06365";"GALLETITAS SURTIDAS X12";"5";"546000,65"
"19/02/2026";"Almacen y Fiambreria Muniz";"FC-A-04474";"ACEITE GIRASOL 900ML X12";"15";"640000,46"
"13/04/2026";"Autoservicio La Esquina SRL";"FC-A-06100";"GALLETITAS SURTIDAS X12";"13";"33000,22"
"15/06/2026";"Kiosco La Parada";"FC-A-01495";"ARROZ LARGO FINO 1KG X10";"3";"105000,01"
"02/07/2026";"Despensa Los Pinos";"FC-A-07674";"CERVEZA LATA 473ML X24";"7";"217000,12"
"04/07/2026";"Minimercado Dona Rosa";"FC-A-05800";"ALFAJORES TRIPLES X24";"17";"274000,32"
"06/06/2026";"Minimercado Dona Rosa";"FC-A-09564";"CERVEZA LATA 473ML X24";"4";"603000,32"
"21/05/2026";"Maxikiosco El Cruce";"FC-A-03113";"AGUA MINERAL 1.5L X6";"22";"421000,74"
"09/08/2026";"Kiosco La Parada";"FC-A-00716";"ALFAJORES TRIPLES X24";"9";"526000,87"
"19/04/2026";"Despensa Los Pinos";"FC-A-05804";"ARROZ LARGO FINO 1KG X10";"22";"469000,40"
"11/07/2026";"Kiosco Rivadavia 3400";"FC-A-01413";"FIDEOS GUISEROS 500G X20";"12";"234000,05"
"28/08/2026";"Autoservicio La Perla";"FC-A-06309";"PAPEL HIGIENICO X4";"10";"347000,91"
"19/06/2026";"Despensa Los Pinos";"FC-A-01353";"GASEOSA COLA 2.25L X6";"21";"133000,97"
"20/08/2026";"Kiosco Rivadavia 3400";"FC-A-01541";"FIDEOS GUISEROS 500G X20";"22";"323000,54"
"08/03/2026";"Maxikiosco El Cruce";"FC-A-00713";"CERVEZA LATA 473ML X24";"20";"594000,43"
"20/05/2026";"Maxikiosco 24hs Lanus";"FC-A-04393";"ARROZ LARGO FINO 1KG X10";"12";"382000,40"
"11/03/2026";"Autoservicio Hermanos Paz";"FC-A-06473";"ARROZ LARGO FINO 1KG X10";"5";"635000,55"
"06/01/2026";"Autoservicio Hermanos Paz";"FC-A-01173";"PURE DE TOMATE 520G X12";"6";"263000,76"
"07/06/2026";"Supermercado El Trebol";"FC-A-02753";"YERBA MATE 1KG X10";"9";"285000,40"
"05/01/2026";"Supermercado El Trebol";"FC-A-02468";"PURE DE TOMATE 520G X12";"9";"633000,68"
"08/07/2026";"Supermercado La Central";"FC-A-03883";"ACEITE GIRASOL 900ML X12";"5";"601000,34"
"25/01/2026";"Despensa Santa Rita";"FC-A-03918";"ARROZ LARGO FINO 1KG X10";"9";"125000,06"
"27/04/2026";"Kiosco La Parada";"FC-A-07868";"GASEOSA COLA 2.25L X6";"10";"53000,71"
"18/06/2026";"Maxikiosco 24hs Lanus";"FC-A-06799";"GALLETITAS SURTIDAS X12";"15";"634000,33"
"23/05/2026";"Maxikiosco El Cruce";"FC-A-09273";"PAPEL HIGIENICO X4";"14";"366000,60"
"26/08/2026";"Kiosco Pavon 2280";"FC-A-09872";"ARROZ LARGO FINO 1KG X10";"1";"60000,22"
"19/08/2026";"Maxikiosco 24hs Lanus";"FC-A-06071";"ARROZ LARGO FINO 1KG X10";"22";"46000,23"
"16/01/2026";"Polirrubro La Paz";"FC-A-00758";"GALLETITAS SURTIDAS X12";"21";"450000,02"
"18/01/2026";"Supermercado El Trebol";"FC-A-09876";"YERBA MATE 1KG X10";"12";"554000,54"
"01/07/2026";"Autoservicio La Esquina";"FC-A-05633";"CERVEZA LATA 473ML X24";"13";"528000,85"
"22/02/2026";"Despensa Los Pinos";"FC-A-05298";"JABON EN POLVO 800G X10";"8";"244000,45"
"14/06/2026";"Almacen Don Pedro";"FC-A-03237";"JABON EN POLVO 800G X10";"11";"338000,69"
"16/07/2026";"Almacen Don Pedro";"FC-A-02325";"ACEITE GIRASOL 900ML X12";"8";"88000,69"
"23/04/2026";"Almacen Don Pedro";"FC-A-02923";"ALFAJORES TRIPLES X24";"2";"53000,68"
"02/07/2026";"Maxikiosco El Cruce";"FC-A-00133";"GALLETITAS SURTIDAS X12";"15";"192000,77"
"12/08/2026";"Almacen y Fiambreria Muniz";"FC-A-09025";"AGUA MINERAL 1.5L X6";"9";"9000,37"
"05/03/2026";"Autoservicio Hermanos Paz";"FC-A-06640";"AGUA MINERAL 1.5L X6";"5";"14000,83"
"06/07/2026";"Kiosco La Parada";"FC-A-06842";"ALFAJORES TRIPLES X24";"13";"312000,41"
"09/07/2026";"Almacen y Fiambreria Muniz";"FC-A-09420";"YERBA MATE 1KG X10";"5";"185000,97"
"15/04/2026";"Kiosco La Parada";"FC-A-04050";"PURE DE TOMATE 520G X12";"15";"32000,12"
"27/09/2026";"Supermercado El Trebol";"FC-A-06025";"GASEOSA COLA 2.25L X6";"19";"410000,45"
"05/09/2026";"Autoservicio La Esquina SRL";"FC-A-01443";"GALLETITAS SURTIDAS X12";"12";"637000,51"
"15/02/2026";"Autoservicio Hermanos Paz";"FC-A-02748";"YERBA MATE 1KG X10";"6";"345000,45"
"24/03/2026";"Kiosco Rivadavia 3400";"FC-A-04427";"JABON EN POLVO 800G X10";"3";"594000,70"
"12/05/2026";"Minimercado El Ceibo";"FC-A-08064";"ARROZ LARGO FINO 1KG X10";"9";"544000,52"
"22/04/2026";"Supermercado La Central";"FC-A-08036";"GASEOSA COLA 2.25L X6";"17";"238000,89"
"17/02/2026";"Polirrubro La Paz";"FC-A-07669";"GALLETITAS SURTIDAS X12";"22";"437000,73"
"26/04/2026";"Autoservicio La Esquina";"FC-A-03994";"YERBA MATE 1KG X10";"19";"150000,02"
"14/06/2026";"Minimercado El Ceibo";"FC-A-06146";"ALFAJORES TRIPLES X24";"13";"434000,13"
"02/02/2026";"Minimercado Dona Rosa";"FC-A-03734";"JABON EN POLVO 800G X10";"11";"160000,81"
"27/09/2026";"Kiosco Pavon 2280";"FC-A-00166";"ARROZ LARGO FINO 1KG X10";"18";"392000,79"
"21/02/2026";"Almacen y Fiambreria Muniz";"FC-A-00274";"PAPEL HIGIENICO X4";"22";"306000,22"
"05/04/2026";"Minimercado Dona Rosa";"FC-A-00824";"AGUA MINERAL 1.5L X6";"11";"546000,05"
"18/02/2026";"Almacen San Cayetano";"FC-A-02225";"YERBA MATE 1KG X10";"14";"450000,64"
"10/03/2026";"Supermercado La Central";"FC-A-07904";"CERVEZA LATA 473ML X24";"22";"536000,63"
"16/04/2026";"Autoservicio La Esquina SRL";"FC-A-06357";"ALFAJORES TRIPLES X24";"4";"440000,36"
"15/09/2026";"Almacen Don Pedro";"FC-A-01833";"FIDEOS GUISEROS 500G X20";"19";"267000,68"
"12/05/2026";"Minimercado El Ceibo";"FC-A-05974";"ALFAJORES TRIPLES X24";"11";"489000,17"
"20/02/2026";"Minimercado El Ceibo";"FC-A-02561";"ARROZ LARGO FINO 1KG X10";"14";"640000,46"
"12/05/2026";"Autoservicio La Esquina SRL";"FC-A-03710";"ACEITE GIRASOL 900ML X12";"10";"405000,37"
"";"Autoservicio La Perla";"FC-A-03920";"PAPEL HIGIENICO X4";"20";"302000,65"
"05/09/2026";"Minimercado Dona Rosa";"FC-A-01949";"YERBA MATE 1KG X10";"8";"417000,95"
"08/04/2026";"Almacen Don Pedro";"FC-A-02982";"GASEOSA COLA 2.25L X6";"9";"585000,38"
"12/02/2026";"Almacen Don Pedro";"FC-A-02314";"CERVEZA LATA 473ML X24";"20";"596000,68"
"19/01/2026";"Almacen y Fiambreria Muniz";"FC-A-01251";"YERBA MATE 1KG X10";"8";"452000,21"
"04/06/2026";"Maxikiosco 24hs Lanus";"FC-A-01442";"ACEITE GIRASOL 900ML X12";"7";"344000,76"
"04/02/2026";"Despensa Santa Rita";"FC-A-07540";"PURE DE TOMATE 520G X12";"4";"216000,31"
"16/06/2026";"Maxikiosco 24hs Lanus";"FC-A-03623";"GALLETITAS SURTIDAS X12";"2";"230000,43"
"06/05/2026";"Autoservicio Hermanos Paz";"FC-A-08524";"GASEOSA COLA 2.25L X6";"16";"330000,47"
"15/05/2026";"Autoservicio La Esquina SRL";"FC-A-06790";"CERVEZA LATA 473ML X24";"10";"386000,47"
"08/01/2026";"Supermercado La Central";"FC-A-03825";"ALFAJORES TRIPLES X24";"7";"99000,45"
"14/09/2026";"Autoservicio La Esquina SRL";"FC-A-09743";"PAPEL HIGIENICO X4";"5";"623000,12"
"01/06/2026";"Supermercado La Central";"FC-A-02233";"ALFAJORES TRIPLES X24";"22";"198000,68"
"21/07/2026";"Minimercado Dona Rosa";"FC-A-05177";"PURE DE TOMATE 520G X12";"18";"504000,74"
"15/06/2026";"Polirrubro La Paz";"FC-A-01286";"PURE DE TOMATE 520G X12";"21";"496000,12"
"02/03/2026";"Kiosco La Parada";"FC-A-09514";"YERBA MATE 1KG X10";"13";"254000,14"
"02/07/2026";"Almacen y Fiambreria Muniz";"FC-A-07307";"ACEITE GIRASOL 900ML X12";"16";"119000,14"
"28/08/2026";"Minimercado Dona Rosa";"FC-A-01492";"CERVEZA LATA 473ML X24";"23";"594000,71"
"12/02/2026";"Almacen y Fiambreria Muniz";"FC-A-09796";"PAPEL HIGIENICO X4";"4";"468000,87"
"25/09/2026";"Almacen y Fiambreria Muniz";"FC-A-06916";"ACEITE GIRASOL 900ML X12";"10";"92000,00"
"22/04/2026";"Minimercado El Ceibo";"FC-A-07583";"PAPEL HIGIENICO X4";"16";"273000,48"
"05/04/2026";"Kiosco Pavon 2280";"FC-A-03117";"ARROZ LARGO FINO 1KG X10";"15";"521000,36"
"10/07/2026";"Autoservicio La Esquina SRL";"FC-A-02916";"PAPEL HIGIENICO X4";"18";"294000,56"
"05/07/2026";"Autoservicio La Esquina";"FC-A-01935";"PURE DE TOMATE 520G X12";"19";"290000,86"
"10/05/2026";"Autoservicio La Esquina";"FC-A-00148";"GASEOSA COLA 2.25L X6";"7";"488000,38"
"04/04/2026";"Minimercado Dona Rosa";"FC-A-00249";"GALLETITAS SURTIDAS X12";"17";"478000,59"
"27/09/2026";"Autoservicio Hermanos Paz";"FC-A-06965";"FIDEOS GUISEROS 500G X20";"9";"455000,41"
"22/08/2026";"Despensa Santa Rita";"FC-A-00314";"CERVEZA LATA 473ML X24";"10";"299000,14"
"24/07/2026";"Maxikiosco El Cruce";"FC-A-06478";"JABON EN POLVO 800G X10";"23";"95000,63"
"07/02/2026";"Kiosco Rivadavia 3400";"FC-A-05572";"GASEOSA COLA 2.25L X6";"5";"364000,19"
"05/04/2026";"Supermercado La Central";"FC-A-06948";"CERVEZA LATA 473ML X24";"8";"193000,36"
"22/08/2026";"Minimercado El Ceibo";"FC-A-03402";"AGUA MINERAL 1.5L X6";"12";"415000,99"
"21/07/2026";"Almacen Don Pedro";"FC-A-00290";"FIDEOS GUISEROS 500G X20";"4";"622000,41"
"24/05/2026";"Maxikiosco El Cruce";"FC-A-07914";"JABON EN POLVO 800G X10";"14";"125000,97"
"14/03/2026";"Autoservicio La Esquina SRL";"FC-A-09113";"PURE DE TOMATE 520G X12";"4";"583000,40"
"24/07/2026";"Despensa Santa Rita";"FC-A-06252";"ACEITE GIRASOL 900ML X12";"8";"629000,84"
"26/07/2026";"Supermercado La Central";"FC-A-04106";"AGUA MINERAL 1.5L X6";"20";"490000,34"
"09/05/2026";"Almacen San Cayetano";"FC-A-01521";"PAPEL HIGIENICO X4";"7";"305000,31"
"16/09/2026";"Maxikiosco 24hs Lanus";"FC-A-05292";"FIDEOS GUISEROS 500G X20";"24";"158000,33"
"04/01/2026";"Supermercado La Central";"FC-A-00994";"AGUA MINERAL 1.5L X6";"7";"170000,45"
"27/01/2026";"Almacen y Fiambreria Muniz";"FC-A-03771";"GASEOSA COLA 2.25L X6";"5";"411000,99"
"24/02/2026";"Maxikiosco 24hs Lanus";"FC-A-06340";"GALLETITAS SURTIDAS X12";"5";"71000,87"
"12/04/2026";"Kiosco La Parada";"FC-A-01238";"ALFAJORES TRIPLES X24";"1";"74000,09"
"14/05/2026";"Almacen Don Pedro";"FC-A-08943";"GALLETITAS SURTIDAS X12";"3";"578000,60"
"02/04/2026";"Almacen y Fiambreria Muniz";"FC-A-05038";"JABON EN POLVO 800G X10";"9";"253000,50"
"24/07/2026";"Autoservicio La Esquina SRL";"FC-A-02848";"FIDEOS GUISEROS 500G X20";"5";"512000,50"
"06/02/2026";"Polirrubro La Paz";"FC-A-09887";"GASEOSA COLA 2.25L X6";"21";"199000,46"
"07/04/2026";"Kiosco La Parada";"FC-A-09830";"ARROZ LARGO FINO 1KG X10";"14";"58000,40"
"07/02/2026";"Despensa Santa Rita";"FC-A-06760";"CERVEZA LATA 473ML X24";"14";"263000,98"
"04/02/2026";"Almacen Don Pedro";"FC-A-08075";"JABON EN POLVO 800G X10";"17";"367000,89"
"21/05/2026";"Autoservicio La Esquina SRL";"FC-A-03093";"FIDEOS GUISEROS 500G X20";"17";"106000,60"
"16/02/2026";"Despensa Santa Rita";"FC-A-03778";"JABON EN POLVO 800G X10";"17";"147000,54"
"02/05/2026";"Minimercado El Ceibo";"FC-A-00686";"PAPEL HIGIENICO X4";"4";"527000,95"
"18/01/2026";"Supermercado La Central";"FC-A-07367";"AGUA MINERAL 1.5L X6";"13";"507000,38"
"08/06/2026";"Despensa Santa Rita";"FC-A-00388";"CERVEZA LATA 473ML X24";"10";"130000,85"
"28/01/2026";"Minimercado Dona Rosa";"FC-A-02372";"CERVEZA LATA 473ML X24";"7";"81000,89"
"16/03/2026";"Autoservicio La Perla";"FC-A-00919";"ACEITE GIRASOL 900ML X12";"17";"43000,01"
"11/09/2026";"Minimercado El Ceibo";"FC-A-05200";"FIDEOS GUISEROS 500G X20";"16";"564000,06"
"26/03/2026";"Despensa Santa Rita";"FC-A-03113";"AGUA MINERAL 1.5L X6";"3";"357000,89"
"08/06/2026";"Autoservicio La Perla";"FC-A-02128";"YERBA MATE 1KG X10";"6";"528000,25"
"26/01/2026";"Almacen San Cayetano";"FC-A-04572";"ACEITE GIRASOL 900ML X12";"14";"379000,65"
"16/09/2026";"Minimercado El Ceibo";"FC-A-01146";"JABON EN POLVO 800G X10";"11";"188000,62"
"08/04/2026";"Maxikiosco 24hs Lanus";"FC-A-00978";"AGUA MINERAL 1.5L X6";"20";"211000,58"
"27/09/2026";"Autoservicio La Esquina";"FC-A-06168";"GALLETITAS SURTIDAS X12";"15";"432000,25"
"18/05/2026";"Kiosco La Parada";"FC-A-03961";"GASEOSA COLA 2.25L X6";"18";"221000,64"
"17/02/2026";"Autoservicio Hermanos Paz";"FC-A-06574";"GASEOSA COLA 2.25L X6";"4";"20000,38"
"15/03/2026";"Kiosco Rivadavia 3400";"FC-A-05208";"FIDEOS GUISEROS 500G X20";"18";"155000,77"
"15/06/2026";"Kiosco Rivadavia 3400";"FC-A-09031";"JABON EN POLVO 800G X10";"6";"531000,57"
"05/03/2026";"Supermercado La Central";"FC-A-01232";"CERVEZA LATA 473ML X24";"24";"507000,65"
"10/07/2026";"Autoservicio La Esquina SRL";"FC-A-03464";"GALLETITAS SURTIDAS X12";"16";"535000,15"
"05/09/2026";"Autoservicio La Esquina";"FC-A-09353";"ALFAJORES TRIPLES X24";"10";"275000,82"
"05/06/2026";"Kiosco Rivadavia 3400";"FC-A-09780";"GASEOSA COLA 2.25L X6";"10";"94000,49"
"12/02/2026";"Maxikiosco 24hs Lanus";"FC-A-01297";"GASEOSA COLA 2.25L X6";"22";"473000,91"
"25/09/2026";"Autoservicio Hermanos Paz";"FC-A-09082";"GASEOSA COLA 2.25L X6";"14";"185000,48"
"13/09/2026";"Kiosco Pavon 2280";"FC-A-01120";"ARROZ LARGO FINO 1KG X10";"1";"492000,17"
"05/09/2026";"Supermercado El Trebol";"FC-A-06506";"YERBA MATE 1KG X10";"14";"496000,63"
"24/01/2026";"Minimercado Dona Rosa";"FC-A-06047";"PURE DE TOMATE 520G X12";"2";"618000,82"
"18/05/2026";"Despensa Santa Rita";"FC-A-00037";"FIDEOS GUISEROS 500G X20";"16";"83000,92"
"08/01/2026";"Almacen San Cayetano";"FC-A-00979";"ALFAJORES TRIPLES X24";"14";"241000,70"
"14/09/2026";"Autoservicio La Esquina";"FC-A-03085";"ARROZ LARGO FINO 1KG X10";"3";"390000,04"
"15/07/2026";"Almacen San Cayetano";"FC-A-00586";"ALFAJORES TRIPLES X24";"17";"443000,73"
"23/08/2026";"Despensa Los Pinos";"FC-A-01179";"CERVEZA LATA 473ML X24";"3";"34000,96"
"01/06/2026";"Autoservicio La Esquina SRL";"FC-A-07237";"ALFAJORES TRIPLES X24";"12";"342000,97"
"24/01/2026";"Almacen y Fiambreria Muniz";"FC-A-04298";"PURE DE TOMATE 520G X12";"9";"83000,47"
"01/02/2026";"Autoservicio La Esquina SRL";"FC-A-06911";"PAPEL HIGIENICO X4";"17";"143000,99"
"04/05/2026";"Autoservicio Hermanos Paz";"FC-A-09146";"CERVEZA LATA 473ML X24";"5";"295000,11"
"01/02/2026";"Minimercado El Ceibo";"FC-A-03145";"PAPEL HIGIENICO X4";"23";"270000,13"
"24/01/2026";"Supermercado La Central";"FC-A-01032";"PAPEL HIGIENICO X4";"21";"589000,12"
"06/06/2026";"Maxikiosco El Cruce";"FC-A-01388";"YERBA MATE 1KG X10";"21";"402000,19"
"22/04/2026";"Autoservicio Hermanos Paz";"FC-A-09238";"FIDEOS GUISEROS 500G X20";"8";"109000,45"
"28/07/2026";"Supermercado El Trebol";"FC-A-00304";"ALFAJORES TRIPLES X24";"12";"246000,95"
"26/01/2026";"Despensa Los Pinos";"FC-A-05845";"GALLETITAS SURTIDAS X12";"1";"504000,35"
"06/04/2026";"Kiosco La Parada";"FC-A-02166";"ALFAJORES TRIPLES X24";"6";"186000,79"
"13/04/2026";"Autoservicio Hermanos Paz";"FC-A-01614";"GASEOSA COLA 2.25L X6";"21";"331000,46"
"12/01/2026";"Autoservicio La Esquina SRL";"FC-A-07985";"YERBA MATE 1KG X10";"16";"179000,33"
"01/02/2026";"Kiosco Rivadavia 3400";"FC-A-01998";"ACEITE GIRASOL 900ML X12";"20";"535000,69"
"13/05/2026";"Autoservicio La Esquina SRL";"FC-A-07269";"YERBA MATE 1KG X10";"5";"199000,15"
"03/01/2026";"Despensa Los Pinos";"FC-A-07239";"AGUA MINERAL 1.5L X6";"3";"597000,16"
"15/03/2026";"Polirrubro La Paz";"FC-A-01384";"ACEITE GIRASOL 900ML X12";"10";"63000,99"
"12/02/2026";"Almacen San Cayetano";"FC-A-02202";"ALFAJORES TRIPLES X24";"12";"233000,44"
"16/07/2026";"Almacen y Fiambreria Muniz";"FC-A-09310";"PAPEL HIGIENICO X4";"5";"612000,05"
"04/09/2026";"Autoservicio La Perla";"FC-A-02726";"ARROZ LARGO FINO 1KG X10";"5";"580000,02"
"13/09/2026";"Minimercado El Ceibo";"FC-A-03625";"AGUA MINERAL 1.5L X6";"21";"181000,45"
"13/02/2026";"Kiosco Rivadavia 3400";"FC-A-00828";"GASEOSA COLA 2.25L X6";"18";"505000,92"
"13/04/2026";"Supermercado La Central";"FC-A-02706";"ACEITE GIRASOL 900ML X12";"10";"635000,46"
"07/08/2026";"Autoservicio Hermanos Paz";"FC-A-09160";"FIDEOS GUISEROS 500G X20";"19";"547000,50"
"25/05/2026";"Kiosco Rivadavia 3400";"FC-A-05899";"AGUA MINERAL 1.5L X6";"8";"372000,76"
"04/05/2026";"Supermercado El Trebol";"FC-A-04296";"JABON EN POLVO 800G X10";"11";"511000,57"
"16/02/2026";"Almacen y Fiambreria Muniz";"FC-A-04695";"PAPEL HIGIENICO X4";"20";"84000,74"
"22/01/2026";"Almacen San Cayetano";"FC-A-07885";"GALLETITAS SURTIDAS X12";"21";"20000,27"
"22/06/2026";"Minimercado El Ceibo";"FC-A-06134";"GASEOSA COLA 2.25L X6";"11";"376000,60"
"22/03/2026";"Autoservicio Hermanos Paz";"FC-A-02463";"YERBA MATE 1KG X10";"4";"559000,55"
"27/08/2026";"Autoservicio La Perla";"FC-A-02018";"AGUA MINERAL 1.5L X6";"7";"256000,95"
"16/04/2026";"Maxikiosco 24hs Lanus";"FC-A-03789";"AGUA MINERAL 1.5L X6";"12";"471000,90"
"16/01/2026";"Maxikiosco El Cruce";"FC-A-06319";"CERVEZA LATA 473ML X24";"19";"452000,27"
"22/02/2026";"Autoservicio La Esquina SRL";"FC-A-03726";"JABON EN POLVO 800G X10";"12";"121000,65"
"06/03/2026";"Despensa Santa Rita";"FC-A-00781";"GASEOSA COLA 2.25L X6";"5";"403000,37"
"19/08/2026";"Supermercado La Central";"FC-A-06364";"FIDEOS GUISEROS 500G X20";"20";"84000,98"
"02/01/2026";"Despensa Santa Rita";"FC-A-01936";"ACEITE GIRASOL 900ML X12";"17";"587000,94"
"11/04/2026";"Despensa Santa Rita";"FC-A-09453";"ACEITE GIRASOL 900ML X12";"3";"87000,49"
"10/09/2026";"Autoservicio La Esquina";"FC-A-00715";"GALLETITAS SURTIDAS X12";"7";"418000,47"
"01/07/2026";"Despensa Santa Rita";"FC-A-02497";"FIDEOS GUISEROS 500G X20";"24";"410000,27"
"26/03/2026";"Polirrubro La Paz";"FC-A-03753";"ACEITE GIRASOL 900ML X12";"17";"473000,23"
"19/02/2026";"Autoservicio La Perla";"FC-A-02177";"PURE DE TOMATE 520G X12";"4";"229000,94"
"15/08/2026";"Maxikiosco 24hs Lanus";"FC-A-05770";"ALFAJORES TRIPLES X24";"11";"63000,80"
"15/08/2026";"Autoservicio La Esquina";"FC-A-06283";"PAPEL HIGIENICO X4";"3";"65000,30"
"10/09/2026";"Autoservicio La Perla";"FC-A-06721";"AGUA MINERAL 1.5L X6";"14";"361000,62"
"17/06/2026";"Autoservicio Hermanos Paz";"FC-A-08634";"PAPEL HIGIENICO X4";"3";"572000,14"
"10/04/2026";"Autoservicio La Esquina SRL";"FC-A-08386";"JABON EN POLVO 800G X10";"8";"598000,36"